"","baseMean","log2FoldChange","lfcSE","stat","pvalue","padj","ervid"
"5803",43.041319740531,-0.463574932091487,0.408394162345358,-1.13511645080633,0.256326529665105,0.489350647542474,"5803"
"5804",876.948641565371,0.156226141881731,0.224093882923854,0.697145945455439,0.485711463177121,0.704500410554203,"5804"
"5807",6.92763442081023,0.53585871876706,0.431976446419907,1.2404813345915,0.214797413854364,NA,"5807"
"5808",6.80590256228699,0.373925776315739,0.31906032817516,1.17195948005939,0.24121332471519,NA,"5808"
"5811",3.48423087854487,-0.515385930249633,0.577001993574553,-0.893213430783478,0.371742886969568,NA,"5811"
"5812",2.65603817233036,-0.684400510643656,0.665601487999372,-1.02824366078386,0.30383522532716,NA,"5812"
"5814",79.238483313745,0.00356802085386519,0.200933295087952,0.0177572405424566,0.985832516480143,0.992908204061224,"5814"
"5815",26.0437213183645,0.00333089305744742,0.220483974093332,0.0151071889516896,0.987946665663099,0.992908204061224,"5815"
"5816",34.2178760807495,0.226356981008624,0.20793635349917,1.08858781641339,0.276335691907363,0.515328722746163,"5816"
"5818",4.90191607562062,-0.0174625605610354,0.392169253177023,-0.044528122537829,0.964483435659719,NA,"5818"
"K-31",4.01787784828207,-0.382907345812913,0.455390717950402,-0.840832565793792,0.400441740434725,NA,"K-31"
"K-32",5.74661784870532,0.126895970598793,0.467566682122267,0.271396520433871,0.786086077947148,NA,"K-32"
"5829",14.7760798641396,-0.0484236648274861,0.287684235773749,-0.168322274236706,0.866329751550793,0.955695994446098,"5829"
"5830",28.9999873145978,0.0145003364611369,0.241826196982628,0.0599618099364913,0.952186051189739,0.990485214167917,"5830"
"5833",905.115188886354,0.288661377000838,0.0837845665340461,3.44528102181611,0.000570465973287934,0.00950120914131283,"5833"
"5835",111.512253983914,-0.3887807372715,0.231007167365223,-1.68298127588758,0.092378716197909,0.253516590474944,"5835"
"5836",17.7521540389254,0.00662338812593168,0.273546373934658,0.0242130357301457,0.980682680170244,0.992908204061224,"5836"
"5837",14.3001341266891,-0.0923966550450746,0.281364731746116,-0.328387479381911,0.742618708589583,0.882451195934609,"5837"
"5839",12.9546048285226,-0.219437763282766,0.288188078947019,-0.761439418606583,0.446394650620297,NA,"5839"
"5838",13.0926433310689,-0.200715353581143,0.31189324638283,-0.643538633519422,0.519874654825989,NA,"5838"
"5840",46.0933511128696,-0.0340282885418604,0.262375702225092,-0.129692987015496,0.896809331255751,0.966197069460478,"5840"
"5841",41.2981885339855,-0.228573913725543,0.29585975182239,-0.77257522294807,0.439773812682827,0.66879644494384,"5841"
"5842",24.613473589382,0.272262712885509,0.209585937582757,1.29905048032148,0.193926605760743,0.407245872097561,"5842"
"5843",741.199227450585,0.441354689710128,0.226496473588829,1.94861616482092,0.0513412802338349,0.178401714769369,"5843"
"5846",5.73864103449255,0.147497944875778,0.448532043098095,0.328845947899244,0.742272131320642,NA,"5846"
"5847",5.81620157259812,-0.65716664716026,0.447850019587353,-1.46738108388556,0.142272417339607,NA,"5847"
"5848",31.417141751758,-0.280916659167398,0.201765799144113,-1.39229076661675,0.163834366410921,0.373287853277079,"5848"
"5850",80.894588597854,-0.175642171670543,0.188201768714532,-0.933265254998535,0.35068302983809,0.576122120448291,"5850"
"5852",26.0269356793835,-0.0600857576735575,0.271616746019248,-0.221215217964873,0.824924860550384,0.92660164568799,"5852"
"5855",15.4573085084223,-0.0297914244296278,0.295892480717862,-0.10068327642984,0.919801887381206,0.974742476398467,"5855"
"5856",36.2842119708818,0.662666592276783,0.2978406492768,2.2249031281856,0.0260877419854494,0.117200961589025,"5856"
"5858",95.4490460361046,0.658828537038475,0.25740251213518,2.559526445851,0.0104814880632219,0.0662554814518976,"5858"
"5860",101.709575758154,-0.280913362787837,0.172735912148995,-1.62625917965184,0.103894531570331,0.272723145372119,"5860"
"5861",1025.8045413106,0.120845340474309,0.0803605223915372,1.5037898818716,0.132635477253463,0.319250196373963,"5861"
"5862",77.0961108286062,-0.456535605134037,0.230145637207699,-1.98368133618813,0.0472913754753238,0.167953929077804,"5862"
"5863",77.2932641398065,-0.107088703339052,0.252072651381252,-0.424832693083725,0.67095864309747,0.841257647030942,"5863"
"5867",482.149350339761,0.436315958868339,0.16380179698151,2.66368237045402,0.00772905039665047,0.057432789870495,"5867"
"5870",29.2673769928232,-0.435573118355513,0.305450527710241,-1.42600217986433,0.1538677128328,0.357298583164628,"5870"
"5871",118.403523045931,0.0878952769680268,0.197242176563062,0.4456211064976,0.655870961711265,0.831730635254899,"5871"
"5872",118.543966474223,-0.0473978365768643,0.144068209152087,-0.328995805915989,0.742158858135845,0.882451195934609,"5872"
"5874",29.9842369431686,-0.195637613725904,0.242961623287036,-0.805220228113049,0.420692605559475,0.659193727727723,"5874"
"5875",32.7620092610899,0.815730146810261,0.257383610061906,3.16931659562184,0.00152797857387549,0.0189234269533811,"5875"
"5876",301.145682538532,0.231835019581396,0.149843101208394,1.54718514040211,0.121818608099105,0.304862112496724,"5876"
"5878",27.5546875800829,0.190424212169524,0.339882135355396,0.560265434281824,0.575298400667527,0.780531257085437,"5878"
"5881",109.576422954022,-1.11120952376503,0.280314442813897,-3.96415365762217,7.3656799204712e-05,0.00237174893439173,"5881"
"5882",64.7076413450142,0.0701296339947775,0.239338617086241,0.293014285987571,0.769511232071671,0.895599819495462,"5882"
"5883",631.728246486422,0.346798460868586,0.184361001199821,1.8810836272944,0.0599605438256399,0.193072951118561,"5883"
"5884",585.267423758544,-0.178862675918124,0.305577994159593,-0.585325773899511,0.558328687702171,0.766115784545876,"5884"
"W-70",53.940576257559,0.0969925311930378,0.143083293759154,0.677874604678177,0.497851203031285,0.713537480902406,"W-70"
"5889",481.406269762286,-0.0408762223786407,0.123293503449129,-0.331535897959995,0.740239730052694,0.882451195934609,"5889"
"5890",9.905113104912,-0.244046808283577,0.314394221623476,-0.776244572891202,0.437604592810752,NA,"5890"
"5891",10.4662378692788,0.0810879042826759,0.283577080300985,0.28594660822592,0.774919015211535,NA,"5891"
"5892",3521.26459010022,-0.19106696194556,0.191107978818395,-0.999785373310481,0.317414385760331,0.553469849538771,"5892"
"5894",98.6557433119251,-0.992780959402667,0.260775847884385,-3.8070280183417,0.00014064681625324,0.00377402290279528,"5894"
"5893",108.082133702694,-0.660826128674339,0.220368896647365,-2.99872685632126,0.00271110239792826,0.0278609033659436,"5893"
"5896",44.8927928133559,-0.61036137946995,0.257791278701834,-2.36765720913276,0.0179011130146562,0.0960693065119882,"5896"
"5895",17.7569027442381,-0.017175832869011,0.295265306919014,-0.058170846579419,0.953612542445785,0.990485214167917,"5895"
"5897",13.8572887853208,-0.593128758635116,0.443437480788355,-1.33757019722518,0.181036585013888,0.395659142813158,"5897"
"5898",5.47768362018883,0.333481077223857,0.511640844474687,0.651787441962827,0.514538303991407,NA,"5898"
"5901",445.460114308977,0.218234269360931,0.230881515604783,0.945221919516929,0.344545591105451,0.571224163224774,"5901"
"5903",29.0433328101124,0.0122176598827858,0.219558438473825,0.055646505630629,0.955623415739647,0.990485214167917,"5903"
"5904",425.369995443054,0.769642000039592,0.293351947044145,2.623613062039,0.00870025634369568,0.0609017944058698,"5904"
"5906",9.33997210864307,0.483427883488865,0.357654158713429,1.35166297304602,0.176483155146273,NA,"5906"
"5907",8.40050257385371,-0.320248006834254,0.344086008960725,-0.930720803794169,0.351998005422473,NA,"5907"
"5909",258.64336483238,-0.269164810106945,0.245675884428853,-1.09560940721837,0.2732497431252,0.513539400503781,"5909"
"5913",13.2082429940343,0.0374661710559042,0.276142774173785,0.135676811272728,0.892076780107419,NA,"5913"
"5917",12.888003499956,0.184163937462674,0.357966036460282,0.514473214508741,0.606921182785137,NA,"5917"
"5918",362.858544532786,-0.441103203232734,0.232189329071639,-1.89975656933242,0.0574650728237746,0.188813810706688,"5918"
"5919",8.31251292327425,0.658384446133544,0.385826577833854,1.7064258502613,0.0879288210515316,NA,"5919"
"5921",1676.83476091777,-0.00830919259572168,0.198765533368709,-0.041803991139189,0.966654953327144,0.992908204061224,"5921"
"5922",131.329334732377,-0.281007757677509,0.282976659502771,-0.993042175885737,0.320689401373583,0.554302322244528,"5922"
"5925",3.32482919286835,-0.5290076650048,0.548392266957227,-0.964651941465217,0.334719173981792,NA,"5925"
"5924",6.29788715379013,-0.123302422176199,0.468135465610885,-0.263390473984486,0.792249632129499,NA,"5924"
"5929",452.19634245112,-0.0208491960304806,0.0939296665522304,-0.221966039013747,0.824340320814507,0.92660164568799,"5929"
"5931",141.03751143596,-0.112326262862641,0.312168584884861,-0.359825646466223,0.718977522926133,0.874725802451693,"5931"
"5934",2080.38636315963,-0.204303672137177,0.266584010486649,-0.766376317034994,0.443452420333528,0.66879644494384,"5934"
"5937",16.8099362430104,1.57186442650146,0.458043115104677,3.43169534628251,0.000599820965713484,0.00965711754798709,"5937"
"5938",2.14189361864429,-0.374074953710808,0.614991576347734,-0.608260288591815,0.543014854612267,NA,"5938"
"5939",7.87741141753427,-0.419389553572525,0.507481913068881,-0.826412809545,0.408569959477163,NA,"5939"
"5940",3.43664481289103,-0.495983696112212,0.480044394959026,-1.03320380639909,0.301508531964334,NA,"5940"
"5943",6.58554719235519,0.174845411493347,0.373092060286124,0.468638789469971,0.639327846172902,NA,"5943"
"5944",7.97178445499598,-0.211201365360222,0.403079636637278,-0.52396932557096,0.60029987505832,NA,"5944"
"5945",29.6432038288723,-1.11989556943611,0.435051609775861,-2.57416716608194,0.0100481711851884,0.065584684897919,"5945"
"5946",5.48718042424945,-0.350761488507248,0.431096305590897,-0.81364995236149,0.415845512750024,NA,"5946"
"5947",1757.03964189697,-0.300207605310584,0.149272943524148,-2.01113207941812,0.0443115075652075,0.162139834499964,"5947"
"5952",289.361810171663,0.659813031652638,0.210256357657389,3.13813593559819,0.00170026005088987,0.0201069403984537,"5952"
"5951",10.078764030374,-0.31870625279068,0.39034986493803,-0.816463079451241,0.414235331609146,NA,"5951"
"5953",15.3000914606114,0.0675488536009999,0.302197596214859,0.223525449729169,0.823126578120665,0.92660164568799,"5953"
"5954",32.0368679080322,0.609734794321726,0.175281121098921,3.47861076252255,0.000504020096321266,0.00936314255858352,"5954"
"5955",58.1903563753784,-0.816744078413955,0.260357460187573,-3.13701046947353,0.00170680032367826,0.0201069403984537,"5955"
"ERVW-8",400.506395710553,0.150314469471276,0.181759854413287,0.826994882651531,0.408239961979778,0.6443787635171,"ERVW-8"
"5959",16.8889665749992,-0.020037631098923,0.255627007651015,-0.0783862052881306,0.937520846351637,0.984396888669219,"5959"
"5961",25.0662367458177,-0.150078229280575,0.280271646259339,-0.53547417758308,0.592322008929596,0.792497313886412,"5961"
"W-71",4.60692057592172,-0.277870900257061,0.452809041166051,-0.613660229799082,0.539439874072506,NA,"W-71"
"5965",4.5964455153939,-0.25316624601667,0.414068188619329,-0.611411967823052,0.540926881618657,NA,"5965"
"5966",8.00836035850451,0.440946359568655,0.329865354997932,1.33674650243709,0.181305397081452,NA,"5966"
"5970",260.884091551785,-0.748084552214825,0.174122454456687,-4.29631292844491,1.73662389244055e-05,0.000931988155609763,"5970"
"5973",4.55808740887424,-0.486371686196204,0.435789759357212,-1.11606956279468,0.264392359529406,NA,"5973"
"5972",393.618088022033,-0.00646225371082866,0.145426034524836,-0.0444367044177708,0.964556304638211,0.992908204061224,"5972"
"5975",5.2616040827395,-0.0707251767244976,0.337492896731926,-0.209560489744693,0.834010719469417,NA,"5975"
"5977",6.38923204092585,-1.01116468079587,0.686546909963115,-1.47282678885001,0.140797746937833,NA,"5977"
"5978",1.6347583313359,-0.831918516867911,0.642186779655062,-1.29544634555504,0.195166299081588,NA,"5978"
"5980",27.7195538165315,0.96843022630958,0.324232952693907,2.9868346763132,0.0028188211298868,0.0281947909353375,"5980"
"5981",5.86504357684718,-0.0486919067305769,0.404014405977841,-0.120520224056683,0.904071059931138,NA,"5981"
"5983",5.12112225451961,-0.0189067628359881,0.474713864661507,-0.03982770305112,0.968230489907909,NA,"5983"
"5985",7.5896324371166,0.183381753185673,0.432192860441098,0.424305373759558,0.671343120685654,NA,"5985"
"5986",7.24428931330597,0.785898043397042,0.645408764161873,1.21767488611285,0.223347544274412,NA,"5986"
"5987",1.06457507173799,0.477794169301645,0.776192773032857,0.615561218683776,0.538184153462687,NA,"5987"
"5988",1.88275310524194,0.291488820986826,0.530173696673915,0.549798722221611,0.582457435172022,NA,"5988"
"5991",16.1095600788451,-0.754291773208652,0.412491789573317,-1.82862251389026,0.0674561775839973,0.21020215337465,"5991"
"5992",0.946033498599168,-0.522631200832509,0.841337101395573,-0.621191196686312,0.534473830964703,NA,"5992"
"5994",0.88332926884094,-0.633240437285343,0.83878731723464,-0.754947558545646,0.450280448400406,NA,"5994"
"5993",0.810928494334862,-0.871731982971667,0.884070316729734,-0.986043719006755,0.324111659696078,NA,"5993"
"5996",1.51048504696061,-0.735794322183187,0.840224905126531,-0.875711155065539,0.381187079523072,NA,"5996"
"5997",0.863501370952403,-0.413705544739601,0.944627520487068,-0.437956269288329,0.661417984385708,NA,"5997"
"5998",1.06024928493794,0.660562942908509,0.747787488548181,0.883356505724618,0.377043682772431,NA,"5998"
"5999",0.768221223657749,0.826085932044443,0.881353018684915,0.937292905942573,0.348607911054341,NA,"5999"
"6005",4.89005337141131,-0.524283093533472,0.332441033959931,-1.57707093883201,0.114779203202401,NA,"6005"
"6007",476.878364491362,-0.319383161059582,0.374562256725903,-0.852683780398354,0.393834687863337,0.629874682907257,"6007"
"6009",22.480598643683,-0.162824780405293,0.237655457336626,-0.685129566263908,0.493262164563287,0.709064361559725,"6009"
"6011",8.47737144162786,-0.379721342317271,0.386556607611371,-0.982317556705764,0.325943427833141,NA,"6011"
"6013",96.8037510168094,0.436478236448275,0.328867296437681,1.32721690838902,0.184436940739417,0.399196758440024,"6013"
"6015",32.7019680503177,0.498897191479551,0.167831010483354,2.97261626467435,0.00295273355877319,0.0281947909353375,"6015"
"6016",41.5198922302388,0.38187261363322,0.177428063391377,2.15226727009285,0.03137631008414,0.126289648088664,"6016"
"6022",29.2713336302068,0.618621759514511,0.308303495619666,2.00653501599496,0.0447991967084417,0.162691819625394,"6022"
"6024",3.2265691027339,-0.371431976585858,0.562454701881339,-0.660376694058145,0.509012124419032,NA,"6024"
"6025",4.6664375251827,0.0899636068548541,0.40469129840739,0.222301806855977,0.824078945626137,NA,"6025"
"6026",5.33521601671993,-0.223729870012272,0.382576182839749,-0.584798218100228,0.558683402652648,NA,"6026"
"6028",10.2427360142257,0.0748920473179428,0.397684687762002,0.188320168270504,0.850625676204143,NA,"6028"
"6029",1.59588628363817,-0.68768181006155,0.816063081797902,-0.842682171758696,0.399406220662209,NA,"6029"
"6033",718.317777119184,0.657864707406977,0.180024597563693,3.65430455787702,0.000257880013688948,0.00623136988696089,"6033"
"6032",483.798175936906,0.700507346322294,0.202354593998556,3.46178128442832,0.000536613046431775,0.00950120914131283,"6032"
"6034",377.68951694311,0.34899161384606,0.397830023441283,0.877237999352678,0.380357380419244,0.614423460677241,"6034"
"6035",315.574641787122,-0.146637304095864,0.369268148025716,-0.397102498224818,0.691291877766276,0.856138402464388,"6035"
"6036",5.63226574242234,0.537826970834152,0.453985565245261,1.18467857131888,0.236144558104496,NA,"6036"
"6056",67.1475112824928,-0.210940344008098,0.203849202559969,-1.03478621137133,0.300768763746159,0.542057137646996,"6056"
"6062",2683.24407393862,-0.352407345713615,0.126183543848529,-2.79281540972288,0.00522514996147886,0.0428097592466673,"6062"
"6061",346.416685947817,0.110763186256815,0.0861012302655638,1.28642977475683,0.198293112634423,0.412825747424252,"6061"
"6067",108.019184917492,0.348169203857667,0.341722664870525,1.01886482709476,0.308267143967711,0.55145566865335,"6067"
"6068",127.593147982499,0.0998748714889551,0.304163317978541,0.328359356916278,0.742639969343671,0.882451195934609,"6068"
"W-4",259.601426916178,-0.0268282059269773,0.173456184798234,-0.154668488518782,0.877082673515073,0.956277497308759,"W-4"
"K-10",99.1283357938945,-0.177016993064001,0.182994513973981,-0.967334972070092,0.333376606346306,0.56697500304671,"K-10"
"6072",511.191214530537,0.53735772888293,0.192425084280864,2.79255550746492,0.00522934947319539,0.0428097592466673,"6072"
"6073",793.458407352651,-0.111035384611321,0.0923361943770885,-1.20251203074135,0.22916520775778,0.453634407159867,"6073"
"6074",121.040604877803,0.128829084136077,0.289292955714266,0.445323958262297,0.656085656381194,0.831730635254899,"6074"
"6075",3.63298656378257,-0.0426312122309484,0.46169343056009,-0.0923366229821196,0.926430591714428,NA,"6075"
"6076",2.91479342449265,-0.975139004468068,0.567852150818072,-1.7172410161047,0.0859351442007209,NA,"6076"
"6078",27.5530380541014,0.472945054993238,0.263497108175569,1.79487759189415,0.0726732048536639,0.218153342242825,"6078"
"6080",10.3224360295971,0.187791462739876,0.27804075237342,0.675409849588037,0.499415409436404,NA,"6080"
"K-21",25.26101329681,0.312176451417181,0.309648939024112,1.00816250945679,0.313376452707028,0.552144958086035,"K-21"
"6081",8.91106740745192,-0.114398377530477,0.268639028220518,-0.425844220358667,0.670221362291243,NA,"6081"
"6083",29.2172667840885,0.0569199551798939,0.224563202830093,0.253469644458893,0.799905315619563,0.911788840795511,"6083"
"6084",207.35079132986,-0.190557573968728,0.182849857787819,-1.04215325225931,0.29734063262319,0.539380409035034,"6084"
"6085",7.50210394197663,0.141921681802286,0.292190473538916,0.485716320875821,0.627168310395259,NA,"6085"
"6086",5.90709618614023,0.107018639274765,0.322581951465892,0.33175643828939,0.740073180207849,NA,"6086"
"6087",6.98732302876746,-0.0148946210092066,0.313350495252326,-0.0475334209930406,0.962088094329738,NA,"6087"
"6088",51.7160769047175,-0.0267593065130479,0.339242682753257,-0.0788795392604264,0.937128437829178,0.984396888669219,"6088"
"K-66",3.31381303201754,0.106285665997602,0.488154306429333,0.217729649411559,0.827639760942816,NA,"K-66"
"6091",460.599821277433,0.0694412191849957,0.143998386369843,0.48223609260901,0.629638240029564,0.819717708717735,"6091"
"6092",73.4179575585341,0.545198183990036,0.245208348686541,2.22340791783962,0.0261883062825744,0.117200961589025,"6092"
"6094",137.298550432307,-0.980849248247936,0.3438392297636,-2.85263915034448,0.00433578250951365,0.0380760536744562,"6094"
"6095",126.20796875972,-0.804268185648988,0.369026261152951,-2.17943347212258,0.0292994818363101,0.121379084836557,"6095"
"6098",25.2929269746547,-0.417556071988603,0.234916253084143,-1.7774677848239,0.0754913066762609,0.220354205414858,"6098"
"6097",32.9555066503609,-0.503579299628272,0.257954361430465,-1.95220308288534,0.0509140983264717,0.178199344142651,"6097"
"6099",5.48441339153336,-0.00160897158343757,0.377980158072641,-0.00425676202592717,0.996603605557628,NA,"6099"
"6104",35.5481318393323,0.202938307429569,0.315062256454112,0.644121291180833,0.519496784931821,0.73367528398266,"6104"
"6106",1014.01545489052,0.128997966137816,0.178071907664142,0.724415028905717,0.468810975931845,0.688254411474411,"6106"
"6107",1209.81990623602,0.118131555023059,0.153478554672483,0.769694210863187,0.441481304947311,0.66879644494384,"6107"
"6108",94.5095408153888,0.154913636374883,0.181563478156786,0.853220250832109,0.393537175278914,0.629874682907257,"6108"
"6109",65.9607236998909,-0.444523123519496,0.265736527602026,-1.67279646321421,0.0943673713773705,0.256064271771179,"6109"
"6114",14.1228452607499,-0.1805112495946,0.276835594554286,-0.652052167949099,0.5143675192047,0.728561618111055,"6114"
"6115",10.7917740220675,0.0564271216951807,0.340924824162984,0.16551191845216,0.868541069639473,NA,"6115"
"6116",93.3957264960893,-0.532025056139266,0.238731456707109,-2.22855028607306,0.0258438419600459,0.117200961589025,"6116"
"6118",5.58354872634553,-0.793346927979346,0.340326747583254,-2.33113304673554,0.0197463452233681,NA,"6118"
"ERVW-9",468.920281233448,-0.10162693081891,0.145137062263689,-0.700213503248892,0.483793979951725,0.703832808182781,"ERVW-9"
"6119",308.009682872346,-0.203478304605566,0.27172335767983,-0.748843626631918,0.453951461309688,0.674641710192551,"6119"
"6120",17.8243276683972,0.110404304880886,0.283595283600579,0.389302330698776,0.697052512387818,0.859412676400241,"6120"
"6122",70.6213629978631,-0.98413202779736,0.317016332515217,-3.10435749473609,0.00190692765070992,0.0215216849507625,"6122"
"6123",84.5855870449267,0.679948031567794,0.192052469427014,3.54042847559529,0.000399477897881225,0.00803949269485965,"6123"
"6124",586.042993714065,-0.0604918105860112,0.156208308364307,-0.387250916544932,0.698570459012408,0.859412676400241,"6124"
"6125",18.3642172889615,-1.15687360085745,0.335708007871257,-3.44607091202039,0.000568801079301828,0.00950120914131283,"6125"
"6126",19.4748793974121,-0.275750312009615,0.316794048436945,-0.870440317203435,0.384059821851457,0.618336313180845,"6126"
"6127",859.702653457338,0.335705228525165,0.1842157658123,1.82234797898471,0.0684022025156901,0.211698015071241,"6127"
"6128",120.809370345752,-0.265857112861382,0.212230134133,-1.25268314957939,0.210321040717532,0.430445180790541,"6128"
"6129",4.22678964023541,-0.353847611807984,0.637011967109798,-0.555480320744106,0.5785661669876,NA,"6129"
"ERVMER61-1",0.953654861112235,-1.70543927046311,1.02733360520866,-1.66006374347768,0.0969016297620195,NA,"ERVMER61-1"
"6132",8.49547157655311,0.361064041735551,0.564755341961031,0.639328245186328,0.522609417526529,NA,"6132"
"6136",1.06155085269382,-2.89995915437153,1.01232237270975,-2.86465974925459,0.0041745753052834,NA,"6136"
"6135",1.18815354430264,0.233256881833644,1.04428838272123,0.22336443236668,0.823251883905185,NA,"6135"
"6139",1.18641463876747,1.65450100605425,0.881200250123016,1.87755394511438,0.060442211075882,NA,"6139"
"6143",233.29121781871,-0.994927150362195,0.397433756736324,-2.50337857189689,0.0123013884260578,0.0752097545542523,"6143"
"6144",35.4233415691047,0.372369084305175,0.20888864604959,1.78262002912678,0.074648177166141,0.219847985190525,"6144"
"6145",1.40234614358878,-0.149567330464491,0.692898598186472,-0.215857458589113,0.829098858442337,NA,"6145"
"6146",10.2743313489901,0.372218731249369,0.485775275042743,0.76623646853294,0.443535612701433,NA,"6146"
"6148",164.995047955039,0.146690918067096,0.279368065100669,0.525081197144837,0.599526746603224,0.797717406637347,"6148"
"ERVH1q31.3",5.8397667208872,-0.508467355696349,0.420174285321295,-1.21013439770009,0.226227325954099,NA,"ERVH1q31.3"
"6152",1.54296263955508,0.498937701294275,0.700372663080926,0.712388886081672,0.476223995785187,NA,"6152"
"6155",2.36294636037074,-0.893484006882794,0.570030153078169,-1.56743288413423,0.117013542574557,NA,"6155"
"6157",6.43728703318374,0.398277495427498,0.398977318805502,0.998245956987982,0.31816010644276,NA,"6157"
"6164",895.315117816857,-0.117233521375056,0.619964981295001,-0.189097005334359,0.850016788542478,0.948171152115513,"6164"
"ERVW-10",1879.82712398558,-0.0627719170497588,0.636294120587257,-0.0986523606281707,0.921414294980575,0.974742476398467,"ERVW-10"
"6166",1172.41600303231,0.0384735473678105,0.640318584533674,0.0600850081461085,0.952087930155432,0.990485214167917,"6166"
"6165",1487.71339416169,-0.0836557450819354,0.619545791860392,-0.135027541436011,0.892590098821693,0.965249502682551,"6165"
"6169",44.0194246531243,-0.00209471854155938,0.25219566738523,-0.00830592596327077,0.993372906109596,0.99343153209127,"6169"
"6171",54.6273276622704,0.358635454173259,0.439994605945797,0.815090570036306,0.415020469013817,0.652947513139002,"6171"
"6174",3.71342443057457,0.166647133250478,0.485093573001574,0.343536056805142,0.731195220000346,NA,"6174"
"6176",760.451346488695,-0.0501560495734214,0.131239984406523,-0.382170493239776,0.702334906699195,0.859412676400241,"6176"
"6177",25.9614720240028,0.617697284884173,0.4060536605051,1.52122082612383,0.128204430879916,0.314328630025377,"6177"
"6180",13.7427729186678,-0.373510490856475,0.286883758755711,-1.30195760288588,0.192930879310845,0.407145468372859,"6180"
"6181",16.6392283991171,-0.0308700248780827,0.367910118471825,-0.0839064307508214,0.933130826593928,0.984065915381806,"6181"
"W-5",10.8257950263366,-0.261495137380145,0.307369362655802,-0.850752121554067,0.394907063071714,NA,"W-5"
"6183",19.1445609082557,0.244932422363809,0.259281449683325,0.944658488538071,0.34483325635922,0.571224163224774,"6183"
"6184",16.5959374146839,0.307320398500713,0.235881105177727,1.30286144907265,0.192622067340053,0.407145468372859,"6184"
"6185",8.41854567826278,0.0712152425549825,0.276600219789379,0.257466326705056,0.796818806684018,NA,"6185"
"6187",3.13430008303302,-1.4035757985163,0.661888509170061,-2.120562268525,0.0339586561979634,NA,"6187"
"6188",10.6461418983297,-0.101253473138188,0.331060914957414,-0.305845445848578,0.759722324570449,NA,"6188"
"6189",14.5010888263013,0.248626388192946,0.351224969141694,0.707883579007856,0.479017557956447,0.701107516645345,"6189"
"6191",2.49451528392493,0.250943973629375,0.560451653070589,0.447753115285698,0.654331383582518,NA,"6191"
"6192",4.05996912561792,0.045264488898739,0.463664461464529,0.0976233734967886,0.922231363789691,NA,"6192"
"6193",6.97203580609886,-0.0684301516963219,0.399302448516347,-0.171374235120725,0.863929512462599,NA,"6193"
"6195",11.4024437498991,-0.376011724058127,0.321498229473639,-1.16956079252361,0.242177763242014,NA,"6195"
"6196",6.39468052458805,-0.530485911309953,0.393367484131163,-1.34857590601736,0.177473223971408,NA,"6196"
"6199",9.56623098551997,-0.241983194567098,0.305464828940898,-0.792180217297348,0.428255601839762,NA,"6199"
"6203",30.4480331370284,-0.448152865626935,0.234403532996407,-1.91188613882285,0.0558907999516734,0.187579634087501,"6203"
"6202",20.5776243369012,0.094537247552621,0.219770979277784,0.430162562242254,0.667077393127528,0.839421869766035,"6202"
"6205",100.210167658772,0.620561871080807,0.209314697873404,2.96473146599638,0.00302947244672816,0.0281947909353375,"6205"
"6206",452.672345927503,0.528762290514618,0.156052993746365,3.38835082762988,0.000703142645137039,0.0109554160516513,"6206"
"6207",21.1901490804088,0.127233085285789,0.250987757260855,0.506929448170469,0.612204322380643,0.809480176049855,"6207"
"6208",21.4917077323744,0.231894626847694,0.241733331707661,0.959299345313849,0.337407965100094,0.569818346655054,"6208"
"6209",5.99085484174328,-0.331768762669813,0.338595589101768,-0.979837816404917,0.327166181918451,NA,"6209"
"6211",307.740241894789,0.264166067953508,0.124111352650272,2.12846014737983,0.0332989508151085,0.130759294664207,"6211"
"6212",412.202187911815,0.292663716442879,0.125397619123137,2.33388575069747,0.0196017050683677,0.100719399447038,"6212"
"6214",7.22783131291243,-0.439288717104486,0.362910379253082,-1.21046060465011,0.226102198778521,NA,"6214"
"6215",9.8411950557904,-0.824397740214375,0.382205605240404,-2.15694832548527,0.0310096909724243,NA,"6215"
"6217",64.0861299501552,-0.183361729757461,0.346674807521213,-0.528915645958039,0.596863967812105,0.796368222246538,"6217"
"6218",162.397340944053,-0.0802033464718112,0.235294729707226,-0.340863335832499,0.733206467372712,0.882451195934609,"6218"
"6219",6.10799772146261,-0.576765408467589,0.323309705581415,-1.78394090406404,0.0744332683511525,NA,"6219"
"ERVH1q42.2",22.0095253722207,-0.595980508114405,0.311800755855415,-1.91141457139625,0.0559513256008272,0.187579634087501,"ERVH1q42.2"
"6223",16.7460400246882,-0.324440746311262,0.287640273985094,-1.127939220111,0.259345588804244,0.489585657263399,"6223"
"6225",7.65210258446674,-0.774950248365018,0.372764855583847,-2.07892519038911,0.0376242269813372,NA,"6225"
"6224",7.59906329726831,-0.745984541263227,0.351633252571428,-2.12148463152441,0.0338810399032655,NA,"6224"
"6226",324.62741228599,-0.443242917461072,0.265640893746353,-1.668579378762,0.0952007684364034,0.256882520417781,"6226"
"6228",480.293728038613,0.132195433358675,0.126916169289823,1.04159646559136,0.297598808024071,0.539380409035034,"6228"
"6229",437.718808815494,0.564886559876082,0.218370873706315,2.58682190664215,0.00968656434225537,0.0649807024626298,"6229"
"6230",23.5249770177352,-0.303318753340248,0.397982517930414,-0.762140897337813,0.445975916108185,0.66879644494384,"6230"
"K-34",2.16143567082777,-0.809111659697947,0.735205124639392,-1.10052505427625,0.271103419519986,NA,"K-34"
"6231",4.65605620481413,-0.837642890416016,0.455090359272332,-1.84060785588903,0.0656790456848811,NA,"6231"
"6234",56.3402326190422,-0.238989404050067,0.195917772570726,-1.21984545309074,0.222523467037463,0.444127415616094,"6234"
"6238",382.537132035476,0.881955696740617,0.211563225507324,4.16875709200267,3.06265171867649e-05,0.00147926078012075,"6238"
"6239",92.9247227701423,0.822722207963335,0.201515564262205,4.0826732712955,4.4520594919824e-05,0.00195485884966136,"6239"
"6244",27.765879617463,0.345198221898049,0.247941560304189,1.39225639087913,0.163844772038801,0.373287853277079,"6244"
"6245",801.628216814895,-0.0157257223570823,0.126753421328871,-0.124065466574514,0.901263440546031,0.96735609285274,"6245"
"6248",222.146977153432,0.395727851200679,0.196139783501687,2.01758074846286,0.043634943527795,0.162139834499964,"6248"
"6249",200.706410714853,0.0217598600744226,0.129647630220027,0.167838471381957,0.866710355994701,0.955695994446098,"6249"
"6251",372.760634708396,-0.344214644749956,0.204013020419832,-1.68721900220686,0.0915612488639905,0.252709046864614,"6251"
"6253",1616.97695142952,-0.386935405183142,0.224899112562957,-1.72048435751309,0.08534443466799,0.24106059616748,"6253"
"6254",28.7627901876134,-0.609187298975423,0.325730811838741,-1.87021699155993,0.06145369108675,0.196570415860267,"6254"
"6255",139.478877971667,-0.395261583154173,0.276960726817096,-1.42713946376665,0.153539699352796,0.357298583164628,"6255"
"6259",33.9303028416247,-0.917807074440099,0.484818376373173,-1.89309464980685,0.058345283550894,0.19041062131812,"6259"
"3180",341.961876216637,0.0523937743474722,0.176533474677703,0.296792290771637,0.766625091506686,0.895599819495462,"3180"
"K-50",1479.95365200634,-0.134582005620803,0.285365387372629,-0.471612927061354,0.63720309795286,0.822912022222544,"K-50"
"3182",555.133185998163,-0.646817865891244,0.123609367803018,-5.23275765734845,1.66999627751432e-07,8.06608202039416e-05,"3182"
"3185",12.6206349893418,-0.582050767305501,0.311211053531497,-1.87027665213245,0.0614454100478143,NA,"3185"
"3183",65.4738409032399,-0.612810660681383,0.278088480346096,-2.2036535275345,0.0275487197644734,0.118338496494567,"3183"
"3184",43.443668043893,-0.1504670383121,0.28002873447935,-0.537327137487728,0.591041663354868,0.792497313886412,"3184"
"3187",5.95305772684665,-0.174471015903528,0.388287685574847,-0.449334404322479,0.653190442797167,NA,"3187"
"3189",898.260481296186,0.202841213459216,0.116179463051344,1.7459300304183,0.0808231108723332,0.230991494386609,"3189"
"3191",45.2454381495554,0.710354114008094,0.320043671234555,2.21955369799357,0.0264490782882064,0.117200961589025,"3191"
"3193",10.8216694004939,-0.303826286291876,0.325699110781799,-0.932843462675044,0.350900797015076,NA,"3193"
"K-22",387.386263189752,0.129555879578042,0.264902199996803,0.489070606358142,0.624791710448479,0.817816791725245,"K-22"
"3194",87.4052076720203,0.0290482160376693,0.216579192499898,0.134122838405554,0.893305440370808,0.965249502682551,"3194"
"3196",164.057407079284,-0.132534684341641,0.19254331822563,-0.688336970417903,0.491240605423318,0.709064361559725,"3196"
"3199",145.478194012061,0.523316849770508,0.14937043398316,3.50348349278751,0.000459215116500744,0.00887203605079437,"3199"
"3200",715.972586806056,0.0861762756808838,0.130639601361141,0.659648948580743,0.509479134825398,0.725895050503443,"3200"
"3203",461.777678315426,0.737470908321711,0.155589330599898,4.73985526821332,2.13870931769058e-06,0.00020659932008891,"3203"
"3204",8.52058856814724,0.00685175530140271,0.319742299973957,0.0214289923540326,0.982903446318291,NA,"3204"
"W-47",30.1431539585756,0.143063794036851,0.238393923514867,0.600115103302659,0.548429527644505,0.759859605101891,"W-47"
"3209",45.8383984785271,0.792556802051983,0.324600365230921,2.44163866386336,0.0146207722692535,0.0850823253740899,"3209"
"3213",1391.78212964671,0.305144325579257,0.178613156522121,1.70840900816545,0.0875604769437712,0.244460753548217,"3213"
"3215",13.4337251322982,-0.0782065527139428,0.309458253850362,-0.252720849228858,0.800483935399896,NA,"3215"
"3221",17.4485215518811,0.0755652822876224,0.273070134757874,0.276724814138407,0.781991416721813,0.903592952814918,"3221"
"3222",1934.53163013487,0.232363863927542,0.125364879461047,1.85350047737844,0.0638106577868817,0.201441488307607,"3222"
"3224",34.31214505782,-0.435479528388655,0.408756003748366,-1.06537769328213,0.286705047037142,0.527093122132538,"3224"
"3226",646.553202603028,0.611656089268888,0.185151329043088,3.30354684694996,0.000954700166626862,0.0135623582494345,"3226"
"3231",8.37179793651633,-0.223521051152743,0.463538757492646,-0.482205743402781,0.62965979724328,NA,"3231"
"3232",502.282391205375,-0.415430125917386,0.228302618813152,-1.8196467831908,0.0688128123523495,0.211698015071241,"3232"
"3233",32.2303388725529,-0.00506107246433759,0.269156771132772,-0.018803437279462,0.984997911756092,0.992908204061224,"3233"
"3234",13.0841347756111,0.531994622523196,0.344991319269313,1.54205219902331,0.123060909483196,NA,"3234"
"3236",20.8994491934489,-0.00334073485164336,0.237916765593385,-0.0140416117515354,0.988796782926395,0.992908204061224,"3236"
"3238",22.2187988269771,-0.854068063493925,0.40090708645088,-2.13033915427825,0.0331436232202888,0.130759294664207,"3238"
"3241",9.07489176896088,-0.2248153628181,0.334944586685625,-0.671201660676811,0.502092070890359,NA,"3241"
"3244",3.72234708975267,-0.179976532724152,0.352948157916476,-0.509923422710547,0.610105111647771,NA,"3244"
"3245",356.482038564698,0.142917244164632,0.105991369860339,1.34838566906861,0.177534370850584,0.395000859028309,"3245"
"3247",81.8445312793186,0.438342826087136,0.193852068666833,2.26122336017213,0.0237454292599666,0.114690423325639,"3247"
"3250",183.974359503702,0.595766515459661,0.232211941646251,2.56561532208901,0.0102992978448994,0.0662554814518976,"3250"
"3253",7.81137224460982,0.04054715679074,0.394343400187091,0.102821948513663,0.918104285195289,NA,"3253"
"3254",4.54809373687389,-0.286010452392892,0.43928802472804,-0.651077280264945,0.514996601824016,NA,"3254"
"3255",1.79953388884407,-1.01373090079495,0.716322456060653,-1.41518793975812,0.15701339961896,NA,"3255"
"3256",10.7109913052706,-0.00323353026300636,0.307814049148045,-0.0105048170216921,0.9916185228356,NA,"3256"
"3257",58.8681387285597,0.162784157181458,0.193602520742421,0.840816310434482,0.400450848300742,0.63818483553458,"3257"
"3258",117.265258374869,0.162759776576192,0.208258136340629,0.78152901699831,0.434491417203932,0.66879644494384,"3258"
"3261",1.41053394640161,0.320430389190647,0.933850502408683,0.343128143492091,0.731502059515684,NA,"3261"
"3263",4.83477366692812,0.177645519792031,0.499178869944585,0.355875479688777,0.721933819619313,NA,"3263"
"3269",6.39598111688104,-0.0980436489816964,0.595817602543103,-0.164553125928507,0.869295728229491,NA,"3269"
"3274",6.85348899600724,-0.349414619280131,0.366641253452886,-0.953015013966592,0.340582463634206,NA,"3274"
"3275",15.5725270464696,-0.0551740378826764,0.335416237545086,-0.164494236434395,0.869342083608299,0.955695994446098,"3275"
"3276",263.937540392587,-0.637024900607982,0.265017229732578,-2.40371126530448,0.0162295862306472,0.0922222370517955,"3276"
"3279",10.2174447549644,-0.30534327942371,0.32982341691049,-0.925778049005465,0.354561337059314,NA,"3279"
"W-118",8.94938735083045,-0.520621207020749,0.39434410578748,-1.32022058750213,0.18676138025871,NA,"W-118"
"3283",118.879600429649,-0.402148496872697,0.346452915120949,-1.16075945480876,0.245739735753346,0.472877658840105,"3283"
"3284",2.75179286215777,-0.577869484948338,0.644708922696979,-0.896326178534905,0.370078581463956,NA,"3284"
"3286",40.9579332531253,-0.680516917239575,0.237851732270541,-2.86109716647147,0.00422177639513012,0.0377614444231083,"3286"
"3288",917.730417894678,0.139128405645012,0.181970935616527,0.76456388584055,0.444531280948301,0.66879644494384,"3288"
"3289",12.6036235830551,0.102715235609394,0.45799563537921,0.224271210629218,0.822546276250626,NA,"3289"
"3291",14.8576830486095,-0.240643037255256,0.25076847102944,-0.959622381024945,0.337245300737808,0.569818346655054,"3291"
"3290",14.7340638919806,-0.182682599555475,0.270972184366951,-0.674174731189699,0.500200232588712,0.714783172604579,"3290"
"3292",19.0148735304524,-0.0841752376604045,0.265077551320555,-0.317549476525126,0.750826703640515,0.886673099898212,"3292"
"3294",21.608240008462,-0.262818621826746,0.224415202288316,-1.17112664002634,0.241547877167016,0.468996035883358,"3294"
"3297",10.1614364753677,0.434640122030187,0.290625004871106,1.49553587869342,0.134774643464192,NA,"3297"
"3300",128.030873266502,-0.553056391810569,0.270018436026497,-2.04821715120332,0.0405387266200124,0.152970351230203,"3300"
"3301",40.5648633366475,-0.0288618215852843,0.260031348365815,-0.110993623525273,0.911621403178953,0.974144110034147,"3301"
"3302",5.61606786201404,-0.16837991801289,0.407321489043099,-0.413383341027394,0.679325777990677,NA,"3302"
"3305",29.2772001453957,-0.539385944672933,0.27607486254523,-1.95376695907823,0.0507287834440299,0.178199344142651,"3305"
"3306",3.93640274403198,0.179688871044655,0.644954042563528,0.278607248247391,0.780546249590242,NA,"3306"
"3307",16.4973254595893,0.320201201313164,0.416712581785179,0.76839820852405,0.44225064437785,0.66879644494384,"3307"
"3308",16.8130850265831,0.311380473120723,0.408267097952316,0.762688138922943,0.445649405952465,0.66879644494384,"3308"
"W-49",29.9600787738819,-0.102478998265448,0.228767268648538,-0.447961803586901,0.654180763259861,0.831730635254899,"W-49"
"3313",4.06924945352941,0.0776467577206259,0.425181285764003,0.182620355882088,0.855095911254379,NA,"3313"
"3314",2100.87665264134,0.177187115712291,0.0822312588185822,2.15474161843003,0.0311820590677137,0.126289648088664,"3314"
"3315",23.5334318383806,-0.272761718620997,0.256185173049388,-1.0647053276905,0.287009298386869,0.527093122132538,"3315"
"3316",1324.88777811623,-1.11381677429213,0.313276022001516,-3.55538469614102,0.000377426441340782,0.00803949269485965,"3316"
"3317",897.480110344216,0.070662788538329,0.185223588393481,0.381499943669248,0.702832312998127,0.859412676400241,"3317"
"3318",41.9359438891353,0.0465795465396968,0.364025697328966,0.127956753826649,0.898183197076096,0.966197069460478,"3318"
"3319",66.4277155185098,0.544730161349653,0.310320386714154,1.75537987406358,0.0791943522471883,0.227683762710666,"3319"
"3320",25.5231006943143,0.164848571749476,0.300416938091535,0.548732614068678,0.58318896082112,0.789020358757986,"3320"
"3321",53.9431777407806,0.0877873832638277,0.241950543048518,0.362831933161744,0.716730435873921,0.87419394072501,"3321"
"3322",33.8593255424617,-0.571364422262191,0.297489873158383,-1.92061805733467,0.0547798769631931,0.187579634087501,"3322"
"3323",12.7290313223665,0.57363464305364,0.271314016535394,2.1142831114249,0.0344910939412847,NA,"3323"
"3326",43.7867497335936,0.380085181559052,0.294759010424228,1.28947773644653,0.197232051441383,0.412394289377436,"3326"
"W-50",15.868401853321,0.600850409986678,0.377606913357812,1.59120606305565,0.111563208840411,0.285105978147718,"W-50"
"3328",6.8755064363226,-0.503564371374305,0.332679648776787,-1.51366148553371,0.1301117180088,NA,"3328"
"W-51",30.3456188614614,-0.0264359435144933,0.192618790149941,-0.137244884021516,0.890837234233159,0.965249502682551,"W-51"
"3334",12.2759882847122,-0.406178393573988,0.323805685466438,-1.25438931990614,0.20970053257093,NA,"3334"
"3335",192.727766146178,0.365877600986183,0.133788916538455,2.73473775296638,0.0062429992060467,0.0486349776858154,"3335"
"3339",14.876032973879,-0.641317692942297,0.361101791530321,-1.77600252334513,0.0757325012398892,0.220354205414858,"3339"
"3338",5.72151746574683,-0.176984223885202,0.359109102519035,-0.492842488936411,0.622123886162489,NA,"3338"
"3340",62.3176125034458,0.795525220228101,0.17431964297932,4.56360055947611,5.02837076675209e-06,0.000346957582905894,"3340"
"3341",1529.1385600536,0.923325200509331,0.232524139329599,3.9708789081917,7.16079707113865e-05,0.00237174893439173,"3341"
"3342",16.1308865335383,-0.330770412649893,0.242963628716252,-1.36139888261295,0.173387669046076,0.391075772126222,"3342"
"3344",128.963574957857,0.0201604996443965,0.129588910500951,0.155572722746585,0.876369827206383,0.956277497308759,"3344"
"3346",346.002525821087,-0.472168918266449,0.193083892601253,-2.44540811719364,0.0144688310736599,0.0850823253740899,"3346"
"3349",6.92169501994417,-0.496522001753987,0.450583067639907,-1.10195441731688,0.270481488998005,NA,"3349"
"3350",3.67623648349809,0.599854052335556,0.572046794775106,1.04861010989736,0.294357600886267,NA,"3350"
"3351",16.8059029243428,-0.307613575828651,0.252172472389753,-1.2198539075796,0.222520261468646,0.444127415616094,"3351"
"3353",1.64457370506239,0.185834099630434,0.875633264560699,0.21222823201408,0.83192898240775,NA,"3353"
"3355",1.49210006211652,-0.38706097742655,0.91722956372246,-0.421989208302131,0.673032894440479,NA,"3355"
"3358",3.08157604104464,-0.780290322144815,0.443044973009088,-1.76119890684057,0.0782047430197712,NA,"3358"
"3363",7.72206207288316,-0.198836648968194,0.283130577971656,-0.702278963977176,0.482505209363675,NA,"3363"
"3364",7.15868231636337,0.142204493729068,0.32000393800296,0.444383574203867,0.656765287069873,NA,"3364"
"3365",5.71388360487103,-0.161684001418263,0.393905202561812,-0.410464244611979,0.681465427144163,NA,"3365"
"3366",52.6388149219778,-0.207193849459933,0.206425010985857,-1.00372454127726,0.315511404620592,0.552144958086035,"3366"
"3367",290.17317700329,0.597176370104506,0.163423813128764,3.65415760819374,0.000258027738590513,0.00623136988696089,"3367"
"3370",647.449461124064,-0.265965730465179,0.112798527038086,-2.35788301008023,0.0183794842322044,0.0969712382236642,"3370"
"3371",40.0576630274371,0.539468174528058,0.291873658642329,1.84829346038773,0.0645599012707748,0.202483326712885,"3371"
"3372",106.073251244605,0.686521206875283,0.231369835614321,2.96720272568145,0.00300522737138394,0.0281947909353375,"3372"
"3375",354.910214179717,-0.581914910348782,0.437806682525596,-1.32915949795892,0.183795354244167,0.399196758440024,"3375"
"3379",111.021416032322,-0.250303506734352,0.221016844097952,-1.13250873595598,0.257420613717474,0.489504552856457,"3379"
"3380",130.48528633344,-0.295412594642415,0.219877600637976,-1.3435320095602,0.179099768379295,0.395000859028309,"3380"
"3382",72.6332571805459,-0.508006319610921,0.21242524929622,-2.39145921350679,0.0167815484233036,0.0931665274535131,"3382"
"3383",18.3536200796995,-0.225677328220157,0.280888685632463,-0.803440436598615,0.421720210906556,0.659193727727723,"3383"
"3385",10.6410239852636,0.259613756402807,0.377764616221395,0.687236827523984,0.491933500487714,NA,"3385"
"3386",7.32174029922958,0.00540326989003783,0.485294798381283,0.0111339950645682,0.991116540779228,NA,"3386"
"3387",46.9592036017722,0.973323474718865,0.423847863697903,2.29639820813772,0.0216531233393383,0.106718965029596,"3387"
"3388",9.32926966888362,0.49369740678121,0.480449532915228,1.02757391350887,0.304150300372864,NA,"3388"
"3389",25.7400788786879,0.100496756940827,0.411642209856186,0.244136180728253,0.80712535198901,0.91512099767768,"3389"
"3392",94.6158091886799,0.00382378059391368,0.193775701498352,0.0197330241322656,0.984256346456302,0.992908204061224,"3392"
"3393",23.0447777872576,-0.459904230251695,0.199248039381279,-2.30819952698067,0.0209880414759463,0.104507464256516,"3393"
"3394",74.4558907825319,-0.214368842769281,0.282873400325339,-0.757826089419264,0.448555101664593,0.66879644494384,"3394"
"3395",224.348814635738,-0.52493235242001,0.207568144819275,-2.52896393556467,0.0114399781579928,0.0708398647475709,"3395"
"3397",268.60153082262,1.09597404290531,0.223821410700622,4.89664522922363,9.74866071942168e-07,0.000130600262132503,"3397"
"3400",2.2010908651271,0.201887703148364,0.487108298153029,0.414461638025594,0.678536056045324,NA,"3400"
"3401",2.00340231364088,0.0148510139992136,0.491593680120448,0.0302099367827,0.975899623743024,NA,"3401"
"W-52",19.3863282075296,-0.0241998169273833,0.234034750138218,-0.103402665258434,0.917643396917087,0.974742476398467,"W-52"
"3403",1362.4855389127,0.260486552567912,0.115090363218212,2.26332201310398,0.0236158462725262,0.114690423325639,"3403"
"3405",3.12097636362705,-0.245597672897161,0.440276765208033,-0.557825650374974,0.576963445401405,NA,"3405"
"3406",105.502589578165,0.317366497594719,0.1945125489521,1.6315990886165,0.102763970361096,0.27122949554322,"3406"
"3408",30.853616653671,0.33023776766123,0.304651064396561,1.0839869157042,0.27837060024709,0.51712692276671,"3408"
"3407",9.11543872498539,0.0946407086775954,0.394528408256243,0.239883128051269,0.810420860893229,NA,"3407"
"3409",3864.56469957163,-0.329329913423543,0.205263662995413,-1.60442383526451,0.108620660612691,0.28055496832048,"3409"
"3411",20.1066263198549,-0.0729320814771045,0.235618102944892,-0.309535135736842,0.756914489104521,0.889512647779766,"3411"
"3413",7.701220074197,-0.451487196444198,0.343770277439054,-1.3133398262572,0.189068464122496,NA,"3413"
"W-68",10.1840756031273,0.159299140413533,0.328880994287506,0.48436712117902,0.628125348045139,NA,"W-68"
"3415",267.574491405819,0.33738983216483,0.212982734396994,1.58411822967745,0.113166816679781,0.287681960296495,"3415"
"3417",56.0050861943871,0.133221111841372,0.208819855118082,0.637971479129892,0.523492246087069,0.737162550612403,"3417"
"3421",40.1716073304798,0.657447045647439,0.295528889871482,2.22464560379646,0.0261050386312653,0.117200961589025,"3421"
"3420",33.7647070431041,0.601740248027178,0.335835217622194,1.79177232300908,0.0731694439820654,0.218153342242825,"3420"
"3422",110.614768587562,0.0739067908759207,0.232581804963466,0.317766864383609,0.7506617872843,0.886673099898212,"3422"
"3423",4.84579463103952,1.07618618397947,0.568200679784415,1.89402480895974,0.0582217169585714,NA,"3423"
"3425",6.9195090985291,0.839315195937458,0.531126551542303,1.58025463705444,0.114048563875153,NA,"3425"
"3427",1.6442337766406,0.0215433260077285,0.683146459966485,0.0315354426469332,0.974842527047677,NA,"3427"
"W-53",235.532332395939,-0.0392386459213121,0.244904947713959,-0.160219898730431,0.872707854960472,0.955822888766231,"W-53"
"3430",78.3426763025784,-0.582614827333592,0.221304634648395,-2.63263726157042,0.00847247803117616,0.0602093073170945,"3430"
"3431",11.13702142563,-0.300374374721937,0.483321695961025,-0.621479187117145,0.534284384365162,NA,"3431"
"3432",254.113596363496,-0.506032352107066,0.330285451170761,-1.53210609281558,0.1254962564846,0.312446865371453,"3432"
"3433",99.6381572458186,-0.0681972366231204,0.137583346229024,-0.495679444440884,0.620120591985618,0.813908276981123,"3433"
"3434",22.7181331327477,-0.281834145803688,0.311951632753412,-0.903454626334555,0.366284659180367,0.593975857566493,"3434"
"3436",1520.71345009064,0.091120652720106,0.218427075830251,0.417167388126003,0.676555977099156,0.844383816379567,"3436"
"3439",5.6024554017665,0.545437295916475,0.514997918203969,1.05910582671608,0.289551586655736,NA,"3439"
"3441",2.71779902962164,-0.302287319890311,0.80814007131525,-0.374053125961614,0.708364791455807,NA,"3441"
"3442",1.4549655008442,0.362242548566606,0.993282401860231,0.364692405591999,0.715341028211027,NA,"3442"
"3443",14.3850273120233,2.28240225193301,0.879494405960342,2.5951299251765,0.00945551682412342,0.0649807024626298,"3443"
"3445",2.77109846305365,0.655693925852965,0.638691935929738,1.02662001657885,0.304599424897692,NA,"3445"
"3448",30.9769985846303,0.217604106589588,0.21942116002418,0.991718877822031,0.321334679562045,0.554302322244528,"3448"
"3449",18.9151514388708,0.44124202323178,0.276915932336339,1.59341508272573,0.111067104341819,0.285105978147718,"3449"
"3451",10.2191121659026,0.141750851768999,0.339504344887032,0.417522938671567,0.676295949553288,NA,"3451"
"3452",60.6663798727313,-0.220293982984789,0.239431150859596,-0.92007235563918,0.357534949412565,0.585387730733115,"3452"
"3456",40.4274971571684,-0.56616222486696,0.256031800351481,-2.21129650336299,0.0270153113351324,0.118338496494567,"3456"
"3458",30.1057941001376,-0.70015550504386,0.270407928332183,-2.58925657010971,0.00961834007512489,0.0649807024626298,"3458"
"3459",3.02420160556755,-0.0730941034154863,0.54248327673854,-0.134739828027391,0.892817582095849,NA,"3459"
"3461",3.54205196705854,0.0395500013425674,0.51741239382022,0.0764380633609436,0.93907058798884,NA,"3461"
"3466",9.39243842141185,-0.295399303837782,0.382500077336936,-0.772285605520468,0.439945288990676,NA,"3466"
"3468",7.91525897536338,0.0917494200207772,0.441622884195857,0.207755130687673,0.835420168644564,NA,"3468"
"3470",1.70033372295861,1.03608123732074,0.601289599683296,1.72309854996071,0.0848707050110167,NA,"3470"
"3471",1.88878101170552,-0.101115086657298,0.636601768602928,-0.158835698617681,0.873798322399173,NA,"3471"
"3473",1.45571109001962,0.392267998428341,1.12762598316929,0.34787066304187,0.727937318345066,NA,"3473"
"3475",0.600973514179208,-0.511353646573177,1.20047381396286,-0.425959850706912,0.67013710199058,NA,"3475"
"3478",1.0885729306795,-0.27201990169002,0.755797905578185,-0.359910896394883,0.718913768198514,NA,"3478"
"3490",7.45418753260794,-0.338363438108184,0.332020394682276,-1.01910437891015,0.308153415518941,NA,"3490"
"3489",1.60153387178324,-0.558178280950579,0.616440610455002,-0.905485899993807,0.365208026370355,NA,"3489"
"3492",1.6511547451308,0.753797286326672,0.637218244152531,1.18294994414227,0.236828986090086,NA,"3492"
"3491",4.55476407900563,0.293570781147274,0.370313522502363,0.792762789658594,0.427916039856266,NA,"3491"
"3495",1.41557701749167,-1.94576600304709,0.740736307986222,-2.62679982345793,0.00861920221736787,NA,"3495"
"3498",3.50080900271072,0.524228853753137,0.597398280973726,0.877519856432585,0.380204338496509,NA,"3498"
"3497",5.86430005502406,0.987199512087037,0.466729973997579,2.1151405889611,0.0344179667237107,NA,"3497"
"3503",22.2536030766626,0.637357215054665,0.416929764991057,1.5286920449739,0.126340805318816,0.312631510060622,"3503"
"3505",22.7658989039709,1.39171093603297,0.3920265660527,3.55004241178361,0.000385169093553423,0.00803949269485965,"3505"
"3506",4.96343972972345,-0.0630188847682374,0.357091599046895,-0.176478205974153,0.85991826907432,NA,"3506"
"3508",7.53982269800231,0.0139072623995336,0.323247782735049,0.0430235353259413,0.965682772743993,NA,"3508"
"3509",4.67722846239143,-0.00153026699014546,0.395477758632538,-0.00386941353019885,0.996912662389017,NA,"3509"
"3510",7.221472175377,0.332732027650276,0.33222078691318,1.00153885836538,0.31656636352274,NA,"3510"
"3511",53.903954018859,0.268056608119263,0.457494104545135,0.585923633673443,0.557926834551345,0.766115784545876,"3511"
"3512",18.3487594076613,0.0903124020338663,0.21351429481151,0.422980588318894,0.672309423921208,0.841257647030942,"3512"
"3513",105.852685009771,-0.598625428993087,0.243789707720319,-2.45549918653598,0.0140689071173235,0.0838923720699658,"3513"
"3514",53.88991319515,0.252070542603929,0.220239111690769,1.14453123547762,0.252403391653627,0.483773167336119,"3514"
"3516",25.5966585955899,-0.565528967003524,0.25964932852611,-2.17804902563673,0.0294023870100978,0.121379084836557,"3516"
"HERVK-27",1302.95983819349,0.261140735050928,0.152297546154379,1.71467460668223,0.0864049017292783,0.242637020553729,"HERVK-27"
"3518",443.568817133823,-0.752843491199469,0.254488853744026,-2.95825722865138,0.00309383834280101,0.0281947909353375,"3518"
"3520",45.6055900700094,-0.375235720545569,0.159265134239406,-2.35604435545521,0.0184707120426027,0.0969712382236642,"3520"
"3521",45.3105602033672,-0.0427092143757849,0.197942316743035,-0.215765961915204,0.82917018180357,0.929209275663862,"3521"
"3522",187.648609291041,0.680938029643552,0.208870697590787,3.26009362489718,0.00111375442323965,0.014942871845132,"3522"
"3525",21.0611454697451,0.0553002333812422,0.234560269294784,0.235761297288347,0.813617901916105,0.920321889052643,"3525"
"3524",20.0023337400726,0.204701468997104,0.244088406590542,0.838636590145351,0.401673271226733,0.63818483553458,"3524"
"3523",21.9107118453765,0.307090919098811,0.241056991095859,1.27393492179073,0.202686480838378,0.418365684807421,"3523"
"3526",24.9224025976171,0.135211091885918,0.251357265045777,0.537923946066541,0.590629555767895,0.792497313886412,"3526"
"3527",223.942981615151,-0.357765480166685,0.221418396764622,-1.61578931739356,0.106139871988361,0.275621280485906,"3527"
"3528",161.906848663179,-0.692338480799253,0.178255647764421,-3.88396378730301,0.00010276722031025,0.00291979808293241,"3528"
"3529",18.6633739381478,-0.160405931037196,0.254594500947834,-0.630044759175936,0.5286653002393,0.742282965161576,"3529"
"3530",25.0280354586407,0.454992900151802,0.238765219632547,1.90560794764004,0.0567010902210666,0.187579634087501,"3530"
"3533",231.655484061629,-0.00378256243040313,0.115242591336056,-0.0328226082609761,0.973816049139103,0.992908204061224,"3533"
"3537",147.614649733407,0.703177512943957,0.195159863880943,3.60308466587642,0.000314463043321779,0.00723264999640092,"3537"
"3539",77.7660206614932,-0.0729651533381271,0.233004723953972,-0.313148815611742,0.754167603253605,0.88844622529632,"3539"
"3540",11.6832790115966,-0.486231349874411,0.270336551755324,-1.79861489952897,0.0720796188244635,NA,"3540"
"3543",543.543507400919,-0.599749738624685,0.232862305314463,-2.57555527424144,0.0100079275841606,0.065584684897919,"3543"
"3542",782.891347261506,-0.405550950115021,0.183642259624678,-2.20837486395492,0.0272181525201386,0.118338496494567,"3542"
"K-51",314.857061618769,-0.208663170046369,0.169460078115848,-1.23134116522547,0.218195291755804,0.440955338569261,"K-51"
"3544",346.142958551539,0.078979076490587,0.156321963179092,0.505233397050572,0.613394916012934,0.809480176049855,"3544"
"3545",750.342884252216,0.0824936070874685,0.141799550854141,0.581762118360473,0.560726923504524,0.767226923661997,"3545"
"3546",134.041468092067,0.0216423706878563,0.14895768648063,0.14529207051474,0.884480275107952,0.962171110083651,"3546"
"3547",2880.44068702645,0.253143062436082,0.167329741505864,1.51283961929273,0.130320402338176,0.317902799643126,"3547"
"3548",211.763695242744,-0.182019299436067,0.192871936087395,-0.943731385335344,0.345306931387951,0.571224163224774,"3548"
"3550",289.554150728185,0.294321068000975,0.133888404086326,2.19825660040886,0.0279308252595873,0.118338496494567,"3550"
"3551",225.371246226387,0.408523110925766,0.137889832058475,2.96267755807058,0.00304975857590819,0.0281947909353375,"3551"
"3552",478.552886409778,0.286732257255846,0.138097856718708,2.07629766361901,0.037866429267856,0.145154645526781,"3552"
"3553",94.9128739395782,-0.0491038923458663,0.144095428029007,-0.340773423678519,0.733274159046796,0.882451195934609,"3553"
"3555",891.850536890147,-0.0250427699292213,0.209649819774443,-0.119450472011682,0.90491847661428,0.969125552560305,"3555"
"3557",258.423419661003,0.95130928481638,0.29260278142911,3.25119699877787,0.0011492019861133,0.0150017448457493,"3557"
"3559",281.553458351147,0.664495261755805,0.245110240576338,2.71100570989343,0.0067079471106726,0.0514275945151566,"3559"
"3558",294.763959563958,0.742651773311213,0.311298981059864,2.38565436604625,0.0170487657008448,0.0935744753807731,"3558"
"3561",387.674547186326,0.630875863499066,0.335362373205639,1.88117664324919,0.0599478938613691,0.193072951118561,"3561"
"3562",52.1321840319071,0.658394572713236,0.367063608244633,1.79367978171904,0.0728642941983125,0.218153342242825,"3562"
"3564",167.790117863345,0.736837233116998,0.396452175222705,1.85857785419662,0.0630869985502884,0.200467238814403,"3564"
"3565",92.6756589631577,0.973530930700604,0.368478985986315,2.64202564522027,0.00824118155279048,0.0602093073170945,"3565"
"3568",112.573934061524,0.00485154729762646,0.141779602448726,0.0342189370955599,0.972702565764811,0.992908204061224,"3568"
"3567",126.143084824726,0.339889353106898,0.142776402822187,2.38057092340529,0.017285833161117,0.0938096338968483,"3567"
"3566",108.123079999268,0.163785964362739,0.175223759017544,0.934724635980105,0.349930227272373,0.576122120448291,"3566"
"3574",198.181692706858,0.279241369393066,0.125786810820366,2.21995746272513,0.0264216552459988,0.117200961589025,"3574"
"3577",184.551045213249,-0.259684602319725,0.185618976430927,-1.39901968706503,0.161807079501383,0.372201045996663,"3577"
"3580",8.6590535120253,0.240136663759262,0.302865471286807,0.792882274558984,0.427846415470913,NA,"3580"
"3584",1170.9074937278,-0.00671299819093896,0.309907357438482,-0.0216613062898047,0.982718129632485,0.992908204061224,"3584"
"3586",71.8840635915846,-0.784321780004532,0.233066532883737,-3.36522696030228,0.000764807204477201,0.011193996356439,"3586"
"3587",1.08122494829973,1.18933503989096,0.930159926125,1.27863500295661,0.201025617830497,NA,"3587"
"3592",4.30410352008139,0.427090087522999,0.56504224087728,0.755855149625455,0.44973604693951,NA,"3592"
"3593",25.7171297628791,0.130820971274208,0.282858183805305,0.462496681249477,0.6437251817185,0.826912932899031,"3593"
"3594",105.500502292819,0.0458723445119085,0.278588691126905,0.164659750998336,0.869211798519073,0.955695994446098,"3594"
"3595",66.4586386944739,-0.675970069409384,0.224520900336435,-3.01072224633195,0.00260627138486876,0.027365849541122,"3595"
"3597",16.8585430436582,-2.07632144020769,0.41242043106165,-5.03447764423998,4.79153588718142e-07,0.000115715591675431,"3597"
"3598",51.0318163819621,-0.281934048809357,0.240427129926826,-1.17263824966493,0.240940903869911,0.468996035883358,"3598"
"3599",38.1210796795991,0.0543802008533822,0.333353459776485,0.163130752834677,0.870415486849615,0.955695994446098,"3599"
"3601",231.814931386223,-0.292553379747712,0.259448733336661,-1.12759609956582,0.259490534698613,0.489585657263399,"3601"
"3600",361.138176166615,-0.323054107098118,0.226510753693409,-1.42621973495962,0.153804924796654,0.357298583164628,"3600"
"3602",21.0884828116156,-0.402221136997223,0.298992831496762,-1.34525344632411,0.178543401799851,0.395000859028309,"3602"
"3604",16.8715196958279,0.753591321074822,0.242862731743075,3.10295167836639,0.00191600921921902,0.0215216849507625,"3604"
"3605",8.14640647499162,0.718983522761718,0.357315749094531,2.0121797726064,0.0442009899339508,NA,"3605"
"3606",32.1854336649792,0.133018739944388,0.326226671276712,0.407749432086007,0.68345764215173,0.848611931000734,"3606"
"3609",10.2912879063727,-0.608154056802705,0.303358996736197,-2.00473387420766,0.0449915051138087,NA,"3609"
"3610",110.057599671471,0.469255237396438,0.359836775656782,1.30407804077263,0.192206975190767,0.407145468372859,"3610"
"3611",70.8089275705555,0.701936172438286,0.350724466111054,2.0013892393125,0.0453504594088351,0.163464715630353,"3611"
"3615",2.77131536723181,0.00437936374431432,0.703724256416762,0.00622312461789118,0.995034696996233,NA,"3615"
"3616",2.92536810089422,-0.179032163952057,0.700433978395943,-0.25560176900906,0.798258352297818,NA,"3616"
"3618",4.75755540585413,-0.221564346515954,0.490941604161959,-0.451304889701019,0.651769821195355,NA,"3618"
"3620",164.73432980367,0.18898087293969,0.254413757135042,0.742809174581621,0.457597220109293,0.677973795438002,"3620"
"3621",99.5867881197248,-0.0751169056663307,0.357556786687335,-0.210083848113381,0.833602231520951,0.932013606075508,"3621"
"3622",85.3528111529212,-0.206904817311039,0.358008188935352,-0.577933197356002,0.563309221323707,0.768582920619633,"3622"
"3624",58.6566627042535,0.156612594807709,0.322732932071404,0.485269953092543,0.627484866371582,0.819122136371552,"3624"
"K-8",23.3142957606527,0.679703218518437,0.452250418285314,1.5029355220842,0.132855671782953,0.319250196373963,"K-8"
"3627",6.25585107944972,-0.117355979525585,0.315229343636734,-0.372287611843726,0.709678721140662,NA,"3627"
"3628",12.1603440821924,-0.77910690618779,0.383824108679171,-2.02985401013209,0.0423713810337611,NA,"3628"
"3632",7.73160723166527,-1.09526214020107,0.395635166331883,-2.76836397117008,0.00563384986236634,NA,"3632"
"3633",5.01083781323439,-1.30338877572662,0.411113866585551,-3.17038388063076,0.00152237666652113,NA,"3633"
"3636",42.7596678015123,-0.00932388437725623,0.348366666890303,-0.0267645709633644,0.978647511363906,0.992908204061224,"3636"
"W-55",17.4090134168822,-0.0850502098559091,0.290012499342641,-0.293263945687475,0.769320409860198,0.895599819495462,"W-55"
"3637",280.723889915739,0.029364186524784,0.101819335715659,0.288394992153421,0.773044400653165,0.897549147873747,"3637"
"3640",52.4967795520359,0.28106487097644,0.274078569027128,1.02549014311521,0.305131973978081,0.547876369633506,"3640"
"3642",7.4647227756729,0.556425160464285,0.400203204216163,1.39035658536043,0.164420622906813,NA,"3642"
"3643",5.49710185897003,0.0861078454703067,0.407556514763408,0.211278294791321,0.83267011888656,NA,"3643"
"3644",8.83320165162966,-0.172115066276306,0.272239098368707,-0.63222023327157,0.527242977836461,NA,"3644"
"3646",7.75324679642041,-0.367046456515122,0.336571521550238,-1.09054519771761,0.275473054990765,NA,"3646"
"3648",142.852748176734,0.828018901249707,0.208064641578735,3.97962332747619,6.90245456458472e-05,0.00237174893439173,"3648"
"3651",77.2014094407226,0.0155666346827512,0.228762275840943,0.0680472102558318,0.945748053000644,0.990485214167917,"3651"
"W-56",13.6285090254742,-0.470181221909177,0.300244100450133,-1.56599653816435,0.117349427603628,0.296752741008127,"W-56"
"K-20",34.8441877368723,-0.142823835556383,0.19335527631895,-0.738660140418344,0.460113395339219,0.6796170334827,"K-20"
"3656",3948.00458032895,0.189343376154158,0.160033912000669,1.18314533330515,0.236751554017667,0.466738777920544,"3656"
"3658",28.111126657904,0.171614564904464,0.376264511483711,0.456100853699284,0.648317456314675,0.830603001060976,"3658"
"3659",104.195341713999,0.600971018891719,0.255967655272569,2.34783968408731,0.0188826466742624,0.0980679391792336,"3659"
"3663",24.4540285198954,-0.630841335559513,0.229811739858948,-2.74503528821768,0.00605043913286007,0.0479075754290395,"3663"
"3672",4.54699247450187,-0.027547904125632,0.576419740034379,-0.0477913961169841,0.961882493626613,NA,"3672"
"3673",13.258628390375,-0.221792412395399,0.280891114237775,-0.789602807469554,0.42975976815815,NA,"3673"
"3674",7.23679438061439,-0.0793332438025427,0.325485998983573,-0.243737807617791,0.807433889998193,NA,"3674"
"3675",14.4610290220731,-0.293073475632836,0.310356767893287,-0.944311534181224,0.345010473526325,0.571224163224774,"3675"
"3676",163.847300081147,-0.535088799811311,0.367302537574584,-1.45680670584166,0.145169744313213,0.342034080503815,"3676"
"3677",38.5980099758482,0.26358688427151,0.212091602400163,1.24279736344388,0.213942514345645,0.434177455583809,"3677"
"3678",52.2964229958909,0.214977439798578,0.271349306922313,0.792253506142642,0.428212875598207,0.665038002938694,"3678"
"3679",15.2510824601208,-0.415359838106888,0.272084834347137,-1.52658210114333,0.12686496060431,0.312631510060622,"3679"
"3680",7.42177388305659,-0.613306972459882,0.288751002615312,-2.1239994559498,0.0336701890666014,NA,"3680"
"3682",427.282572175702,0.351734360753189,0.348413118618461,1.00953248301297,0.312719331340355,0.552144958086035,"3682"
"3683",67.9527604561106,-0.67068262619592,0.170982124653623,-3.92253065959143,8.76237388371333e-05,0.00264514161614596,"3683"
"3684",47.0073818500665,-0.668428908471931,0.335536421406232,-1.99212027615527,0.0463578627619826,0.165858131215093,"3684"
"3687",2264.49222565831,-0.136871455956225,0.171270186241754,-0.799155176739439,0.424200438878525,0.660931651542992,"3687"
"3688",827.660254033718,-0.30034927848404,0.19218777271279,-1.56279077614833,0.118101814445777,0.297099876965158,"3688"
"3689",18.7384259407287,-0.447380997392996,0.264105733759263,-1.69394655324216,0.0902754396266203,0.250592168618722,"3689"
"3690",22.0827548290032,-0.0943465471826277,0.274013325629894,-0.34431371892497,0.730610368132707,0.882451195934609,"3690"
"ERVW-23",622.931257596788,0.263697552048985,0.174893490249647,1.50776081872788,0.131615753431296,0.319250196373963,"ERVW-23"
"3692",133.797018062714,0.273812529418853,0.235611722440053,1.16213457710501,0.245180804190249,0.472877658840105,"3692"
"3694",57.7846384702758,-0.190333003936622,0.188495518647119,-1.00974816432078,0.31261596041389,0.552144958086035,"3694"
"3698",26.3732689566528,0.744498878589177,0.389702886249316,1.9104269043388,0.0560782695160489,0.187579634087501,"3698"
"3699",21.6163807946554,1.05080223836668,0.423472164065165,2.48139624640116,0.0130868802951374,0.0790120397818922,"3699"
"3701",5.49890422045267,-0.504217172578899,0.337343013557095,-1.49467204689437,0.135000052982403,NA,"3701"
"3703",33.9121275639676,0.170846803743383,0.35948782544779,0.475250597236694,0.634608367037154,0.821758287611113,"3703"
"3704",107.581606974769,0.163100936012798,0.237998198126774,0.685303238833427,0.493152588425532,0.709064361559725,"3704"
"3710",524.714592193288,0.221552720366767,0.226595363759925,0.977746043389924,0.328199943176268,0.564130151438212,"3710"
"3711",439.992579460422,-0.462220834828594,0.276107900394309,-1.67405870736946,0.0941190620351408,0.256064271771179,"3711"
"3713",13.3015104394222,0.00213956100621666,0.273814838104434,0.00781389723445383,0.993765475480544,NA,"3713"
"3714",17.2666196220132,0.382021370130279,0.278271506167016,1.37283682182319,0.169803080830829,0.385046422729064,"3714"
"3715",13.9886195314784,-0.195366651374739,0.332310926431797,-0.587903182939233,0.55659727989521,0.766115784545876,"3715"
"3716",4.74470743462751,-0.244738326210754,0.396910682974288,-0.616608059971538,0.537493276957115,NA,"3716"
"3720",40.632048286914,-0.0987797069724569,0.229845759471235,-0.429765192099701,0.667366455466165,0.839421869766035,"3720"
"3722",4.78121826980603,0.0807092425651454,0.603752392234142,0.13367937519301,0.893656114973763,NA,"3722"
"3723",10.4048959747174,-0.452881442265862,0.458253516067407,-0.988277070195453,0.323016972066965,NA,"3723"
"3724",13.1421536788867,-0.592980895670791,0.356021069126618,-1.66557809942394,0.0957974761948534,NA,"3724"
"3726",1.73935780895416,-0.872815717476797,0.734256655137323,-1.18870658014473,0.234555150367048,NA,"3726"
"3728",4.5668947766423,-0.195513864857696,0.604877023045585,-0.323229115024529,0.746521732745817,NA,"3728"
"3727",7.21639332176839,-0.124575730207266,0.446330392328676,-0.279111018089775,0.780159627799079,NA,"3727"
"3730",14.0500711256663,-0.0954047570580701,0.36050001126633,-0.264645642375825,0.791282455788474,0.909974824156745,"3730"
"3731",4.17640399382207,-0.181719855650553,0.443962397474829,-0.409313619090581,0.682309522220857,NA,"3731"
"3732",3.85656059781672,-0.441834117089002,0.485349831049549,-0.910341549174035,0.362642412910505,NA,"3732"
"3737",3.09360224385981,-0.0193415192068494,0.444926914581078,-0.0434712276847995,0.965325899818088,NA,"3737"
"3738",157.262423980016,-0.389700272104035,0.20040963752055,-1.94451862158612,0.0518329420686142,0.178823650136719,"3738"
"3741",533.560449865585,0.348448564634889,0.161413082058603,2.15873806627631,0.030870493779042,0.126289648088664,"3741"
"3742",3.05584432637631,0.706392877753287,0.564468927597201,1.25142916326718,0.210777942834075,NA,"3742"
"3743",125.751851174258,1.85111474755187,0.395070822720204,4.68552634387497,2.79241376587007e-06,0.00022478930815254,"3743"
"3748",4.09354196029472,-0.0735618210524007,0.382199343157107,-0.192469773612778,0.847374242415186,NA,"3748"
"3750",18.9644409467615,-0.642025579372871,0.291946268827071,-2.19912239999602,0.0278692201714883,0.118338496494567,"3750"
"3751",87.2908653879683,-0.326227605772021,0.152658951658553,-2.1369700382961,0.0326004286405762,0.130132289532217,"3751"
"3758",1.89382951518215,-0.243133789870026,0.628466642516117,-0.386868249516983,0.69885374765436,NA,"3758"
"3757",2.14107696132936,0.331912192066187,0.560707002873531,0.591952999276256,0.553882062134554,NA,"3757"
"HERVH",1.04830624186741,0.672274127711074,0.73557590993208,0.913942556619546,0.360747030445738,NA,"HERVH"
"3761",0.493715733937856,0.377444173087294,1.04741234678779,0.36035872046462,0.718578892118237,NA,"3761"
"K-44",0.329243267175084,-0.184818145283649,1.55654079543484,-0.118736460891806,0.905484149253993,NA,"K-44"
"3769",2.63814664702544,0.183792739311803,0.532342835197975,0.345252583785507,0.729904490106875,NA,"3769"
"W-122",4.14742293767475,0.549513872377891,0.51000653690636,1.07746437077293,0.281272859869666,NA,"W-122"
"W-123",9.71779838280557,-0.450392081571107,0.383810675671827,-1.173474606413,0.240605534265349,NA,"W-123"
"3770",3.78665440714169,-0.463169038303702,0.468180993245531,-0.989294834659808,0.322518910540802,NA,"3770"
"3771",9.04604681756059,0.510068424439159,0.30232438141528,1.68715610051482,0.0915733400988066,NA,"3771"
"3772",3.12973474662832,0.0334280357601359,0.4044486306054,0.082650881300053,0.934129142215092,NA,"3772"
"3775",102.952291965752,-1.13890454394977,0.259760733135301,-4.38443690161806,1.16286181683147e-05,0.000702077821912,"3775"
"3776",2122.08580103209,0.0927083737868168,0.102655016756488,0.903106119077787,0.366469576718043,0.593975857566493,"3776"
"3777",259.56586869807,0.0884696013216058,0.144243514351006,0.61333503776344,0.539654830395368,0.751162199080584,"3777"
"3780",92.6657782482744,-0.119513958651302,0.255029374852747,-0.468628206928356,0.639335411727044,0.823464010304433,"3780"
"3781",83.1991855708209,-0.0573955510821854,0.175471690456189,-0.327092939795411,0.743597591605353,0.882451195934609,"3781"
"3783",5.46488982569555,-0.218527229713668,0.352180542721109,-0.620497736829029,0.53493014354735,NA,"3783"
"3784",3.11429766994146,-0.963817508092969,0.474558669488007,-2.03097650525027,0.0422573780042721,NA,"3784"
"3785",128.170231954049,0.182570263154379,0.238869841531588,0.764308553912763,0.444683389079198,0.66879644494384,"3785"
"3786",4.57892690292311,0.383118035853149,0.393430959362069,0.973787209004492,0.330162205386384,NA,"3786"
"3788",48.3399286998695,0.00124043929882199,0.150676870088165,0.00823244667941521,0.99343153209127,0.99343153209127,"3788"
"3790",69.2549467815835,-0.265931499084313,0.179118915366311,-1.48466452323287,0.137632713954335,0.327470940098244,"3790"
"3792",75.6237886446211,0.445781912933803,0.200308245380023,2.22547959565055,0.0260490594079009,0.117200961589025,"3792"
"ERVW-24",257.017712786007,0.942493277329304,0.237470759119825,3.96888139332445,7.22108103940005e-05,0.00237174893439173,"ERVW-24"
"3795",894.442690842094,0.331947791603107,0.199349028654301,1.66515881137676,0.0958810759642267,0.257280887170675,"3795"
"3797",6.66184509802706,0.106987103743876,0.342161287572345,0.312680328341515,0.754523542408987,NA,"3797"
"3799",496.963355652409,-0.24198726217067,0.345420998527386,-0.700557473929844,0.48357922552963,0.703832808182781,"3799"
"3804",145.376808425412,-0.342272188079662,0.170068036382058,-2.01256035737807,0.0441609009745711,0.162139834499964,"3804"
"3806",19.0236414497401,0.106278723293419,0.238616185933595,0.4453961196203,0.656033515956176,0.831730635254899,"3806"
"K-13",8.82454058718673,0.386997565144116,0.363964886192724,1.06328269518614,0.28765377036367,NA,"K-13"
"3810",8.31183958290425,0.801169133308852,0.441179984289134,1.81596890575116,0.0693751420612477,NA,"3810"
"3811",17.5388214545355,-0.00402657766199287,0.282643946016149,-0.0142461132415793,0.988633630665139,0.992908204061224,"3811"
"3812",233.196084149538,-0.12509052431998,0.417890341062683,-0.299338156517039,0.764682043787406,0.895599819495462,"3812"
"3814",1.05254048050123,0.195282506135423,0.769265579659829,0.253855770099291,0.799606985974451,NA,"3814"
"3816",3.43712660051431,0.681863187281499,0.588877170095058,1.15790392616414,0.246903245138941,NA,"3816"
"3818",88.6656198375401,-0.083963674131039,0.324911319910056,-0.258420279583618,0.796082567153518,0.911788840795511,"3818"
"3820",15.8218907442048,-0.175927002544569,0.424471908944094,-0.414460883836109,0.678536608274549,0.844673148960327,"3820"
"3822",4.9382213968727,0.0636201310201359,0.400667449532964,0.158785374490227,0.873837972079558,NA,"3822"
"3825",205.342711777107,0.414167767363964,0.135968721038853,3.04605179926358,0.00231867885588414,0.0254527701680009,"3825"
"3826",9.42920316664002,0.0406971222656676,0.323492380758712,0.125805504816582,0.899885884185132,NA,"3826"
"3827",9.72710695326169,-0.26344334493278,0.342611677685733,-0.768926928329712,0.441936690467083,NA,"3827"
"3832",287.219817390516,-0.291831495993007,0.249311886786616,-1.17054786177437,0.241780565082725,0.468996035883358,"3832"
"3833",335.147282328982,-0.295369888417269,0.283853029544329,-1.04057331673165,0.298073620550056,0.539380409035034,"3833"
"3835",1055.42746300319,0.281310717146194,0.162318727489452,1.73307616131031,0.0830821328072015,0.236051000858108,"3835"
"3836",7.03312736654021,-0.296250670189363,0.372886039473435,-0.794480454692562,0.42691578303089,NA,"3836"
"3838",9.75374011105715,-0.37986612998162,0.471975049104923,-0.804843668541413,0.420909898562228,NA,"3838"
"3839",14.1145389593232,-0.659293203668435,0.397272328802944,-1.65954977447085,0.0970050594867265,0.258858805149662,"3839"
"3841",197.780458085983,-0.105155825180303,0.418435428001456,-0.251307174639948,0.801576628566741,0.911788840795511,"3841"
"3842",1323.40516771425,0.151666116973392,0.116143878104578,1.30584684658824,0.191604645372172,0.407145468372859,"3842"
"3843",18.791406962681,-0.123228350712943,0.246646137754534,-0.499615975481366,0.617345506842652,0.812473786934608,"3843"
"3844",49.0145102128987,-0.634545704620485,0.225404183719988,-2.81514608179926,0.00487550660575624,0.0416561265899131,"3844"
"3846",50.0051642649868,0.073240968877077,0.26013228480663,0.281552783544422,0.778286449233095,0.901468477169268,"3846"
"3847",131.819709912533,0.382924095502093,0.165845172028416,2.30892519099972,0.0209477328381362,0.104507464256516,"3847"
"3850",62.7443307999244,0.680961817836743,0.206925433935929,3.29085605806965,0.000998830082001146,0.0137838551316158,"3850"
"3853",148.890304632909,0.429538153678229,0.288025998277238,1.49131729860295,0.135878209372784,0.324896906569579,"3853"
"3854",410.934555481421,-0.00827720973345058,0.142687348480431,-0.0580094158423985,0.953741128400928,0.990485214167917,"3854"
"3857",0.674765497203597,0.0238464453042197,0.984284039237626,0.0242271990132948,0.980671382819368,NA,"3857"
"3859",1.38936268015072,-0.623231911118546,0.847230611438277,-0.735610709415391,0.461967643240705,NA,"3859"
"W-125",1.1135496061682,0.595492689793545,0.956385648081832,0.622649127982933,0.533515119614967,NA,"W-125"
"3861",1.40306397411159,-1.43775329362733,0.689508963099463,-2.08518434215035,0.0370525706337689,NA,"3861"
"3863",2.1301177449799,0.983918786820175,0.619101363716859,1.58926929334008,0.111999608170513,NA,"3863"
"3864",3.66542317055945,1.09490893290049,0.477826852940718,2.29143449381722,0.0219382964793277,NA,"3864"
"3866",998.553276592325,0.154381287444267,0.116504522687737,1.32510982305855,0.185134728551895,0.399196758440024,"3866"
"3867",1.95143986936259,-0.275761688206208,0.671265329433242,-0.410808775777289,0.68121275771679,NA,"3867"
"3868",23.6090144376129,-0.635996170338682,0.309294519906274,-2.05628011298554,0.0397555240614177,0.1511962056824,"3868"
"3874",6.02258241527942,-0.176682449680234,0.46245511415631,-0.382053185859061,0.702421914831867,NA,"3874"
"3876",4.40602263066547,-0.19603517231704,0.45804130986857,-0.427985791004943,0.668661465301705,NA,"3876"
"3880",557.83806115875,-0.248930890541358,0.123501922273205,-2.01560336842924,0.0438414672769901,0.162139834499964,"3880"
"3882",18.5731047214307,-0.356510023671119,0.240918069050333,-1.47979777970342,0.138927221396313,0.328930627129506,"3882"
"3881",21.2799514708987,-0.464952901757491,0.260088752728611,-1.7876701582811,0.0738292390134357,0.218770076340426,"3881"
"3883",138.69362949246,-0.416263627793706,0.172779329920951,-2.40922121867327,0.0159866044994752,0.0919229758719823,"3883"
"3886",1056.8001342348,0.17992271265529,0.185766836532165,0.968540542617986,0.332774481319129,0.56697500304671,"3886"
"3887",335.349409153675,0.198938204690433,0.21081246155979,0.943673837962425,0.345336347125536,0.571224163224774,"3887"
"3888",20.3440899168307,0.249965129458332,0.257910749343109,0.969192366332094,0.332449219098019,0.56697500304671,"3888"
"3891",1.61853424216257,0.230227129603062,0.644845427734669,0.357026846591509,0.721071707776857,NA,"3891"
"3892",7.81598446251512,-0.514380597354053,0.423334782409108,-1.21506811801955,0.224340112173301,NA,"3892"
"3894",702.838796716223,0.331789685927124,0.158136799640455,2.09811812735235,0.0358947116188927,0.138697165695402,"3894"
"W-126",88.2147123474707,0.0406767387242938,0.159166970157862,0.25556017485255,0.798290473217443,0.911788840795511,"W-126"
"3895",5.25141912616928,0.557957199495877,0.346814303385536,1.60880677079695,0.107658599920003,NA,"3895"
"3898",4.61240600464463,0.694979979224434,0.384848763988808,1.80585217949315,0.0709414324132121,NA,"3898"
"3899",22.8342015548715,0.233701720694924,0.308437755253587,0.757694921306838,0.448633640086551,0.66879644494384,"3899"
"3901",268.490839748398,-0.162353119274886,0.100410515160969,-1.61689359938665,0.105901250277801,0.275621280485906,"3901"
"K-69",132.888725462555,-0.0509092477666336,0.154346157384762,-0.32983812897735,0.741522275348695,0.882451195934609,"K-69"
"3902",328.938707447016,0.411381567968242,0.215761069569705,1.90665335868359,0.05656549052095,0.187579634087501,"3902"
"3903",4.01779748406852,-0.207945856700438,0.555735460594205,-0.374181371255485,0.708269382583302,NA,"3903"
"3905",2.67697198983332,-0.346742026642998,0.523405309701079,-0.662473269216595,0.507667960527681,NA,"3905"
"3906",1073.73793541153,0.317586874370949,0.176345156688314,1.80093902398621,0.0717124913003481,0.217843605648227,"3906"
"3907",19.8233764248632,-0.131903166780428,0.275182132217577,-0.479330419157219,0.631703585056686,0.820195783823601,"3907"
"3908",157.479154028088,0.0816714279908567,0.213309287423853,0.382877974874919,0.701810242778518,0.859412676400241,"3908"
"W-127",50.2896894554976,-0.255274543470344,0.182475192092424,-1.39895478691179,0.161826541737679,0.372201045996663,"W-127"
"3912",6.77345336334145,-0.554389243353647,0.39241721420472,-1.41275464807827,0.157727877260432,NA,"3912"
"3913",16.1550097592162,-0.473397922973481,0.351365742707197,-1.34730813347383,0.177881013669066,0.395000859028309,"3913"
"3914",5.19902159250457,-1.04728652582013,0.519472340547748,-2.01605830392402,0.0437938794338256,NA,"3914"
"3915",257.988164994524,-0.832428478351327,0.347188726615634,-2.39762531020453,0.0165017355373071,0.0926783519130154,"3915"
"3916",21.5422206497723,-1.19943227767006,0.355523186904063,-3.37371041285621,0.000741623425191579,0.0111938785739854,"3916"
"3919",7.50790037074538,-0.300011442623012,0.353442393817851,-0.848826988133249,0.39597757046514,NA,"3919"
"3920",20.937170662589,0.0532657605395143,0.212745363893486,0.25037330809325,0.802298669437044,0.911788840795511,"3920"
"3921",182.83864052528,0.0458644008683232,0.1680197860116,0.272970237357384,0.784876094179362,0.90476170283683,"3921"
"3922",809.78929632444,-0.155800516268271,0.128747443407997,-1.2101251267145,0.226230882861003,0.449668791859525,"3922"
"3927",1228.86923863233,-0.0775460080123357,0.13620087409224,-0.569350296238326,0.569118440350827,0.774321708984364,"3927"
"3929",421.693520794088,-0.00246918641084475,0.112516437004815,-0.0219451173230724,0.982491735009753,0.992908204061224,"3929"
"3931",4.9245167065617,-0.0393868459692283,0.334030489142081,-0.117913924774917,0.906135859846405,NA,"3931"
"3932",6.76946050712295,-0.106037001118464,0.34963639502329,-0.30327792709166,0.761678066169458,NA,"3932"
"3935",706.167197838722,0.213183960405231,0.214899625848661,0.992016433548201,0.321189508984713,0.554302322244528,"3935"
"3937",304.250609444506,-1.42632269649615,0.292507955118984,-4.87618429357234,1.0815756698344e-06,0.000130600262132503,"3937"
"3941",8.37209258733044,-0.557250696443271,0.405708931417491,-1.37352336438913,0.169589702859103,NA,"3941"
"3942",832.674358488173,0.026535704672145,0.162916193015778,0.162879479202998,0.870613328273878,0.955695994446098,"3942"
"3943",1377.25978118389,0.10098607831658,0.0754204814028374,1.33897419425357,0.18057907400598,0.395659142813158,"3943"
"ERVW-25",187.243117181734,-0.223666481634384,0.105801783433139,-2.1140142857396,0.0345140471894209,0.134437780584599,"ERVW-25"
"3946",34.1146825668464,0.106405133553264,0.309666836574034,0.343611652866888,0.731138360043982,0.882451195934609,"3946"
"3949",1805.55991360543,-0.100038250518145,0.120212229503979,-0.832180310862912,0.405307175662905,0.641847101131749,"3949"
"3950",13.4163345610339,-0.229078565368473,0.267505696269671,-0.856350233146212,0.391804083469412,NA,"3950"
"3951",17.2018540483051,-0.301766104186422,0.276837900844952,-1.09004620850463,0.275692789659535,0.515328722746163,"3951"
"cORF1ofHML2",5.82276637094935,-0.121025325588884,0.385214441231972,-0.314176501799433,0.753386988612753,NA,"cORF1ofHML2"
"3955",797.029006948373,-0.325416732801784,0.148991371446706,-2.18413140064413,0.0289525939075804,0.121379084836557,"3955"
"3956",7.92494623520859,0.077290281148294,0.373963946530735,0.206678429472457,0.836261004463457,NA,"3956"
"3957",9.70207985533639,-0.720993258246835,0.378008012296688,-1.90734914285612,0.0564753904158915,NA,"3957"
"3959",9.79411900421262,-0.539044965617808,0.443265760135916,-1.21607625513986,0.223955874897068,NA,"3959"
"3962",1.70877256760845,-1.20490473107718,0.921302796794554,-1.30782706322975,0.190931972671653,NA,"3962"
"3963",3.90015947536016,-0.572475696814579,0.494279122118365,-1.15820327259845,0.246781093144551,NA,"3963"
"3965",6.85274835387059,1.01532246202005,0.805980175601756,1.25973627237419,0.207764515767514,NA,"3965"
"3964",13.2729042654496,0.0864143059766241,0.714740608108427,0.120903031108476,0.903767841308,NA,"3964"
"3966",18.927040394867,0.784210180771912,0.667580075978969,1.17470579034569,0.240112442000361,0.468996035883358,"3966"
"3967",17.7952804179605,0.86083124881847,0.700710231508347,1.22851245794634,0.219254655676121,0.441249994548194,"3967"
"3968",2.8169095996629,0.00624765687535585,0.586104888259113,0.0106596225360158,0.991495012821645,NA,"3968"
"3969",2.63316288674584,-0.239747085183122,0.541195376518293,-0.442995442284637,0.657769031355513,NA,"3969"
"3970",4.26236832148294,0.834557306357025,0.688652103109175,1.2118707001534,0.225561879467683,NA,"3970"
"3971",6.10383690165429,0.939488796387192,0.511846263066524,1.83549019340029,0.0664330908017919,NA,"3971"
"3972",3.3991728289434,0.358453667663595,0.559295355551868,0.640902278385454,0.521586175489613,NA,"3972"
"3976",51.2416307634989,-0.550541311963246,0.244236008400468,-2.25413654427457,0.0241875792898882,0.11566931482194,"3976"
"3977",36.8293749682028,-0.306577591623522,0.334753978830704,-0.915829567416638,0.359756292924109,0.587034761764678,"3977"
"3978",0.769479441727275,0.809315069578678,1.07475942398362,0.753019747041557,0.451438047744834,NA,"3978"
"3979",0.998148899242128,-2.05865940503685,1.10023895563787,-1.87110208604034,0.0613309325180038,NA,"3979"
"3980",0.632934566879823,-0.2631200870735,1.12361036854717,-0.234173779843021,0.814850069789819,NA,"3980"
"3984",0.248408995788535,-0.254948749881769,1.60454200204248,-0.158891914052256,0.87375403141457,NA,"3984"
"3985",0.879337350001538,0.103840326859443,1.13072615747688,0.0918350797607393,0.926829072198216,NA,"3985"
"3987",13.7011465972968,0.332972265865046,0.320050964901456,1.04037263555062,0.298166809963466,0.539380409035034,"3987"
"3986",18.4111546300868,0.175466665939488,0.267849929605746,0.655093194154505,0.512407753695469,0.727920426573269,"3986"
"3991",5.25884748700866,0.101685344931749,0.354489582632518,0.28685002300099,0.774227158827477,NA,"3991"
"3992",2.06463698146994,-0.425496199383268,0.763686915925408,-0.557160520247578,0.577417760981259,NA,"3992"
"3998",1.31245075691423,0.18734127831476,0.833418840373591,0.224786468986928,0.822145392904638,NA,"3998"
"3999",1.55970569293401,-0.669997578854911,0.870987826454528,-0.769238740778072,0.441751596000949,NA,"3999"
"4003",278.659194401618,0.397663408096718,0.124221343053901,3.20124866082126,0.00136833392139689,0.0173922443167026,"4003"
"4006",39.9279434743436,-0.333976503616006,0.266280817332543,-1.25422667303489,0.209759627539681,0.430445180790541,"4006"
"4009",62.6336164980229,0.237501726432028,0.249622107538237,0.95144508142432,0.341378484609704,0.571224163224774,"4009"
"4012",1.67469853159095,0.0966118340812142,0.617516332234997,0.156452273467074,0.875676536155181,NA,"4012"
"4013",1.07434139212305,0.1509824898654,0.891208930138652,0.169413124980593,0.865471700481555,NA,"4013"
"4015",3.48352470284019,-0.632925516380291,0.835681900000805,-0.757376121679411,0.448824557585228,NA,"4015"
"4017",19.444438320116,-0.322731285666179,0.303082815748875,-1.06482871643104,0.286953447572573,0.527093122132538,"4017"
"4018",2.5869537198676,0.891720806493165,0.595834736941487,1.49659083501997,0.134499756336314,NA,"4018"
"4021",28.4815992378591,-0.833579010910602,0.358104101754726,-2.32775611009767,0.0199250578335594,0.101303188774834,"4021"
"4023",18.1757668757837,-0.37629228878422,0.494119272658552,-0.761541412379288,0.446333753457834,0.66879644494384,"4023"
"4024",3.3546155151147,-0.502893313011392,0.675646620046322,-0.744314110498938,0.456686466641546,NA,"4024"
"4027",5.26494691544148,0.92263025772614,0.571511522468266,1.61436860230123,0.106447497868366,NA,"4027"
"4028",11.7482292952675,0.348550904848559,0.457452274188648,0.761939385844697,0.446096181689568,NA,"4028"
"4029",9.56098159424264,0.199824430294665,0.461032152427523,0.433428404597179,0.664703568690904,NA,"4029"
"4034",0.840550354173468,1.57267531718777,0.856595118704989,1.83596110092871,0.0663634099129967,NA,"4034"
"4035",1.90774309378354,1.25304462887758,0.654831385330806,1.9135378311847,0.0556792352021706,NA,"4035"
"4036",2.76809911968029,0.224770335990887,0.760302307569817,0.295632847293768,0.767510485788307,NA,"4036"
"4039",1.80059277891533,-1.80049642579467,0.877202103432893,-2.05254458322489,0.0401167668931354,NA,"4039"
"4038",2.96840353711139,-1.02785580386459,0.480696390032037,-2.13826403771429,0.0324953195654977,NA,"4038"
"4043",11.9673471498379,-0.345991171503524,0.400268628435729,-0.864397424438871,0.387369607252433,NA,"4043"
"4046",124.720818792703,-0.652321910839886,0.243677498385868,-2.67698870499286,0.00742871392592734,0.0560635754097329,"4046"
"4045",97.0791317125381,-0.722380609888261,0.239100947366653,-3.02123692040633,0.00251744296785291,0.0270205545216213,"4045"
"4047",154.174635287702,-0.519996426302833,0.293767664902492,-1.77009415408408,0.0767114572453621,0.221866070955149,"4047"
"4048",10.9888256618805,-0.360938435428998,0.307580101140618,-1.17347784882867,0.240604234733547,NA,"4048"
"4050",442.331635558521,-0.776124397358592,0.344965577368902,-2.24986041586582,0.024457807405263,0.115814911536686,"4050"
"4051",492.460898903272,0.455997038317192,0.173220279649686,2.63246912682154,0.00847667266576071,0.0602093073170945,"4051"
"4052",597.29077279447,-0.0612200861614395,0.0980566016410045,-0.624334161462914,0.532408153445671,0.745371414823939,"4052"
"4053",747.017825690758,-0.0132107485650379,0.130787944916638,-0.101008916176932,0.919543382293484,0.974742476398467,"4053"
"4054",335.910715401141,0.149120808564448,0.109711712586438,1.35920591383496,0.174081347840865,0.391075772126222,"4054"
"4055",1.62503834005138,0.399994327161705,0.810737938323907,0.493370679049065,0.621750696089947,NA,"4055"
"4056",284.809510784357,0.834029198262575,0.326193996609953,2.55685023921476,0.0105624680575489,0.0662554814518976,"4056"
"ERVH13q33.3",15.1374538619586,-0.995466977017707,0.353944950675693,-2.81249096820657,0.0049159404050208,0.0416561265899131,"ERVH13q33.3"
"4059",6.84332292253397,0.129010732296183,0.363047547874838,0.355354919903383,0.72232371649984,NA,"4059"
"4060",3025.13699800092,-0.184216709673544,0.144360215369348,-1.27609057109136,0.201923504306239,0.418365684807421,"4060"
"4061",0.665701793112653,-0.287032130457349,1.13556422195219,-0.252766091876249,0.800448971741704,NA,"4061"
"4062",2.29920831997413,0.732286766478648,0.582292362500521,1.25759294409085,0.208539006453231,NA,"4062"
"4065",9.5365915919334,-0.720617074508978,0.285551785598378,-2.52359505649357,0.0116161650806523,NA,"4065"
"4068",33.0660481691129,-0.531969398760711,0.321904395366777,-1.65256954057613,0.098418501418012,0.261187561455493,"4068"
"4071",21.829686747524,-0.485452038436863,0.388372924381436,-1.24996365081331,0.211312825926777,0.430650189546976,"4071"
"4070",17.5794214803392,-0.261733380426227,0.258240055238833,-1.01352743355078,0.31080829929761,0.552144958086035,"4070"
"4074",50.3394553269155,-0.330165948270978,0.253651740552792,-1.30165063149748,0.193035843182991,0.407145468372859,"4074"
"W-129",13.3896571705762,0.0680247829909329,0.337001163306349,0.201853258675832,0.840031444000121,NA,"W-129"
"4086",6.16924440890867,-0.138431565590574,0.322800336906764,-0.428845790302126,0.668035452920385,NA,"4086"
"4088",5.17006392442128,0.0633467568234816,0.406207641079199,0.155946738606847,0.876075003875537,NA,"4088"
"4090",6.93678695741039,-0.210654569240594,0.493581506503869,-0.426787808021211,0.669533887461497,NA,"4090"
"W-130",2.27715643572566,-0.19945594690097,0.553855785121892,-0.360122530555629,0.71875550463672,NA,"W-130"
"4091",8.11293472400336,-0.157694218338459,0.531810824618468,-0.296523145145818,0.766830594034947,NA,"4091"
"4093",9.10861531573349,-0.636441933229838,0.32708222479049,-1.94581632688082,0.0516768066939779,NA,"4093"
"4094",35.0725874413932,-0.173463196953227,0.279532515635125,-0.620547475699209,0.534897407683902,0.746692045986487,"4094"
"4095",132.776525421538,0.108539985052117,0.249464204969626,0.435092421637533,0.663495344001374,0.838922123436293,"4095"
"4096",7.78276419536371,-0.0347839600787526,0.342383297478851,-0.101593624265218,0.919079240364033,NA,"4096"
"4097",1149.07415671914,0.00338959173316428,0.0937738070617395,0.0361464660481643,0.971165571967996,0.992908204061224,"4097"
"4098",34.8573185158955,-0.341271595116476,0.188425399317462,-1.81117618087939,0.0701135840519087,0.214334563905518,"4098"
"4099",25.4975060382822,-0.201754076248921,0.200910427458662,-1.00419912893985,0.315282641899825,0.552144958086035,"4099"
"4100",723.754740840512,0.0200862883751408,0.109936640647387,0.182707860244392,0.855027247998591,0.951562582450045,"4100"
"4103",150.406339542499,-0.525674191051814,0.189942072017447,-2.76755005075193,0.00564793722909099,0.0454658946941825,"4103"
"4104",33.8655766922926,0.141664778929178,0.236429214788928,0.599184745656956,0.549049693955611,0.759859605101891,"4104"
"4109",207.900301338631,-0.194509238174047,0.251374908949829,-0.773781436606582,0.43906005196099,0.66879644494384,"4109"
"4116",374.74442170262,0.143446793869891,0.265663228325763,0.539957278897451,0.589226494781625,0.792497313886412,"4116"
"4118",23.1016207376921,0.0419534380909657,0.429972531558173,0.0975723680276298,0.922271866902897,0.974742476398467,"4118"
"4121",16.1621858535484,-0.197654459650455,0.380609554896646,-0.519310293468925,0.603544376393891,0.800856960984202,"4121"
"4123",24.5293986040493,-0.257052843777084,0.349543110095113,-0.735396683136276,0.462097941302614,0.680467395271837,"4123"
"4125",10.1601655024146,0.0807392722752545,0.396548791132984,0.203604888176745,0.838662272949418,NA,"4125"
"4126",12.8724420245039,0.125180396901808,0.488997981444719,0.255993688423762,0.797955710885709,NA,"4126"
