,baseMean,log2FoldChange,lfcSE,stat,pvalue,padj,ervid
5803,36.36311385,0.091100156,0.302578494,0.301079415,0.763353938,NA,5803
5804,963.124532,0.351637709,0.203365228,1.729094564,0.083792172,0.273933249,5804
5807,5.548175726,-0.079560699,0.362229256,-0.219641836,0.826150107,NA,5807
5808,7.273175309,-0.434002491,0.351236341,-1.235642329,0.216591543,NA,5808
5811,2.620392487,-0.502397442,0.444542259,-1.130145519,0.258414912,NA,5811
5812,1.674048273,-0.545889162,0.578060356,-0.944346307,0.34499271,NA,5812
5814,87.56882489,0.171154988,0.220484162,0.776268854,0.437590259,NA,5814
5815,24.50578507,0.111993753,0.214727839,0.521561403,0.601975743,NA,5815
5816,30.80038239,0.080946966,0.189796267,0.426493983,0.669747931,NA,5816
5818,4.828408031,0.05926362,0.339203311,0.174714155,0.861304245,NA,5818
K-31,4.445202291,0.107676498,0.39020453,0.275948866,0.782587341,NA,K-31
K-32,5.181639403,0.140503027,0.332741187,0.422259199,0.672835836,NA,K-32
5829,13.04159434,-0.096497611,0.265389086,-0.363608061,0.716150707,NA,5829
5830,26.16970848,0.072960226,0.222741585,0.327555478,0.743247789,NA,5830
5833,830.6423969,0.126144556,0.092872914,1.358249145,0.174384641,0.376895643,5833
5835,144.9916241,-0.090775679,0.200297839,-0.453203488,0.650402221,0.829914789,5835
5836,14.20528123,-0.255424119,0.239892554,-1.064743839,0.286991866,NA,5836
5837,12.32450594,-0.3069733,0.237887611,-1.290413143,0.196907251,NA,5837
5839,11.48582505,-0.28303832,0.252343551,-1.121638811,0.262016043,NA,5839
5838,11.3814862,-0.430494474,0.247003852,-1.742865425,0.081357125,NA,5838
5840,44.60508928,0.232277885,0.264423622,0.87843092,0.379709911,NA,5840
5841,36.36618328,-0.249113072,0.217343683,-1.146171213,0.251724317,NA,5841
5842,22.86387647,-0.095184558,0.188161251,-0.505866952,0.612950054,NA,5842
5843,646.7529172,0.508877614,0.240848013,2.112857849,0.034612937,0.168116081,5843
5846,3.234355061,0.07536723,0.472473508,0.159516308,0.873262111,NA,5846
5847,6.453515078,-0.215270201,0.465599453,-0.462350632,0.643829896,NA,5847
5848,25.80889717,-0.197340105,0.202162181,-0.97614749,0.32899138,NA,5848
5850,68.22561014,-0.113154288,0.135867733,-0.832826791,0.404942423,NA,5850
5852,25.36733555,-0.096341454,0.229010969,-0.420684888,0.673985198,NA,5852
5855,28.25830084,-0.366875738,0.459036061,-0.799230755,0.424156622,NA,5855
5856,29.12981035,0.203119104,0.273282916,0.743255769,0.457326845,NA,5856
5858,73.90480986,0.315978861,0.237785717,1.32883869,0.183901195,NA,5858
5860,102.3150798,0.002671458,0.157220446,0.016991798,0.986443159,NA,5860
5861,881.0011689,0.022180888,0.070637514,0.31401004,0.753513414,0.898173996,5861
5862,49.27951599,-0.199805685,0.242176801,-0.825040569,0.409348559,NA,5862
5863,67.54357563,0.097128973,0.243750391,0.3984772,0.690278462,NA,5863
5867,462.7829634,0.364118435,0.109437434,3.327183585,0.000877286,0.045618849,5867
5870,28.2772263,-0.483437531,0.250879786,-1.926968841,0.053983513,NA,5870
5871,174.1093617,0.02494316,0.155032608,0.160889764,0.872180225,0.94358175,5871
5872,106.1922712,-0.064534145,0.147561857,-0.437336222,0.66186753,NA,5872
5874,30.53108999,-0.213895525,0.209339285,-1.021764859,0.306892205,NA,5874
5875,26.16480967,0.261391496,0.222518097,1.174697698,0.240115681,NA,5875
5876,319.0636831,0.225038589,0.146761133,1.533366389,0.125185605,0.321780644,5876
5878,22.10503082,0.542905382,0.366997119,1.479317832,0.139055389,NA,5878
5881,87.15254905,-0.718498978,0.30081049,-2.388543624,0.0169153,NA,5881
5882,64.45177693,-0.427313428,0.249619888,-1.711856503,0.086923116,NA,5882
5883,769.5579456,0.203799707,0.169093069,1.205251684,0.228106155,0.445184551,5883
5884,395.4252129,-0.395264324,0.221436761,-1.784998666,0.074261533,0.261803371,5884
W-70,46.11656013,-0.03716137,0.176888004,-0.210084171,0.83360198,NA,W-70
5889,389.7530759,-0.017135919,0.103632545,-0.165352683,0.868666394,0.94358175,5889
5890,8.196890157,0.010266522,0.231833919,0.044283952,0.964678063,NA,5890
5891,9.804784455,-0.071629086,0.274492903,-0.260950592,0.794130609,NA,5891
5892,3384.44422,-0.307253177,0.207348825,-1.48181779,0.138388784,0.327100763,5892
5894,92.18810729,-0.712627867,0.244852684,-2.91043518,0.003609258,NA,5894
5893,107.7944581,-0.48357684,0.238680318,-2.026044056,0.04276027,0.184547999,5893
5896,42.53718776,-0.703995386,0.248205991,-2.836335189,0.004563452,NA,5896
5895,14.98210833,-0.079495637,0.28585711,-0.278095713,0.780938887,NA,5895
5897,45.56687118,0.749342729,0.407522458,1.838776524,0.065948063,NA,5897
5898,15.9582793,0.513419846,0.455786931,1.126447056,0.259976338,NA,5898
5901,476.7628417,0.175037766,0.24361205,0.718510295,0.472442702,0.692028747,5901
5903,23.90730422,0.108743232,0.189117956,0.575002153,0.565289841,NA,5903
5904,448.1009841,0.673279128,0.290545475,2.317293455,0.020487752,0.142048411,5904
5906,11.82674096,-0.63515827,0.430970527,-1.473785863,0.140539256,NA,5906
5907,6.214423132,-0.216566328,0.268137839,-0.807667911,0.419281781,NA,5907
5909,215.352798,0.13845975,0.222773362,0.621527407,0.534252667,0.754024104,5909
5913,15.68025116,-0.049801341,0.269992232,-0.184454719,0.853656746,NA,5913
5917,17.8897137,0.186527175,0.362476885,0.514590536,0.60683918,NA,5917
5918,361.5773202,-0.105512236,0.17131418,-0.615899022,0.537961167,0.754024104,5918
5919,10.27987693,-0.147536254,0.364342679,-0.404938161,0.685522967,NA,5919
5921,1127.37948,-0.167692209,0.209756662,-0.799460706,0.424023322,0.648506258,5921
5922,76.10020641,-0.445903969,0.219759821,-2.029051389,0.042453056,NA,5922
5925,2.973099464,0.410065976,0.511441553,0.801784629,0.422677552,NA,5925
5924,5.932644206,0.699899788,0.393407091,1.779072631,0.075227855,NA,5924
5929,399.8555583,0.076712577,0.083866191,0.91470205,0.360348068,0.614363919,5929
5931,89.39258862,-0.260450395,0.302303097,-0.861553843,0.38893308,NA,5931
5934,1566.780544,-0.258036124,0.312577771,-0.825510156,0.409082019,0.644614091,5934
5937,15.94998162,0.682677023,0.551932601,1.23688476,0.216129869,NA,5937
5938,2.037122377,-0.84004156,0.540304751,-1.554755086,0.12000441,NA,5938
5939,4.502607493,-0.437401511,0.486097003,-0.899823509,0.368214181,NA,5939
5940,3.540879032,-0.537278674,0.481392961,-1.11609167,0.264382898,NA,5940
5943,4.932137805,-0.588131557,0.41395346,-1.420767342,0.155384408,NA,5943
5944,6.431325977,-0.076876637,0.294728488,-0.260838841,0.79421679,NA,5944
5945,11.32427734,-1.045813625,0.506545923,-2.064597854,0.038961067,NA,5945
5946,2.839150688,-1.393710257,0.579435241,-2.405290804,0.016159601,NA,5946
5947,1496.380424,-0.024853668,0.127923593,-0.194285256,0.84595253,0.935961605,5947
5952,200.7941672,0.267799299,0.219571453,1.219645338,0.222599352,0.440958715,5952
5951,7.818998807,-0.291203843,0.337968375,-0.861630451,0.388890908,NA,5951
5953,14.55128806,-0.142802823,0.240878038,-0.592842853,0.553286326,NA,5953
5954,27.37806358,-0.09555999,0.238480434,-0.400703692,0.688638293,NA,5954
5955,47.7011702,-0.58651668,0.255433855,-2.296158746,0.021666806,NA,5955
ERVW-8,415.5169377,0.100230302,0.107676028,0.930850654,0.351930823,0.604971993,ERVW-8
5959,14.67766638,-0.335734494,0.224242945,-1.497190884,0.134343597,NA,5959
5961,19.222208,-0.335531971,0.312350324,-1.074216817,0.282725517,NA,5961
W-71,4.317893426,-0.343045197,0.428676402,-0.800242782,0.423570147,NA,W-71
5965,4.274235518,-0.278992201,0.396816245,-0.703076562,0.482008038,NA,5965
5966,7.00641876,0.110622359,0.319934041,0.345766142,0.729518472,NA,5966
5970,219.8631289,-0.325808264,0.17328241,-1.880215446,0.060078721,0.227206801,5970
5973,4.815558832,0.297631244,0.405484206,0.734014394,0.462939965,NA,5973
5972,432.4740987,0.107533054,0.11337374,0.9484829,0.342883674,0.601068944,5972
5975,6.042549176,0.804541736,0.361156929,2.22767908,0.025901923,NA,5975
5977,10.3356607,-1.08235833,0.460875411,-2.348483571,0.018850031,NA,5977
5978,1.192350358,-0.881322697,0.590239828,-1.493160331,0.135395223,NA,5978
5980,24.64775119,0.198735851,0.355031904,0.559768992,0.575637017,NA,5980
5981,12.94965474,0.051711043,0.479533844,0.107836065,0.914125734,NA,5981
5983,3.023426442,0.340652977,0.513298938,0.663654163,0.506911683,NA,5983
5985,3.89902811,-0.86900618,0.510370218,-1.702697667,0.088624662,NA,5985
5986,8.660404138,0.475475953,0.77550316,0.613119298,0.539797461,NA,5986
5987,0.99519182,1.191273114,0.696004767,1.711587578,0.086972699,NA,5987
5988,1.765088045,-0.188443042,0.643565878,-0.292810804,0.76966677,NA,5988
5991,9.096352433,-1.06962459,0.459043668,-2.330115117,0.019800068,NA,5991
5992,1.249818653,-0.492015255,0.726993611,-0.676780714,0.498545096,NA,5992
5994,1.310697525,-0.3838573,0.697505852,-0.550328429,0.582094128,NA,5994
5993,1.145799895,0.024638192,0.717534958,0.03433727,0.972608205,NA,5993
5996,1.877690427,0.354116711,0.812509806,0.435830692,0.662959574,NA,5996
5997,0.689378596,0.836916092,0.756063975,1.106938196,0.26832065,NA,5997
5998,0.999186498,1.059175063,0.750587881,1.411127318,0.158207076,NA,5998
5999,0.713275699,0.733363683,1.015481797,0.722182993,0.470181978,NA,5999
6005,4.178387819,-0.397728197,0.355056394,-1.12018317,0.262635714,NA,6005
6007,549.155147,0.015000257,0.320553298,0.046794892,0.9626767,0.977482591,6007
6009,30.36457381,0.042620224,0.25395726,0.167824397,0.866721429,NA,6009
6011,5.007449334,0.953286472,0.340241241,2.801795779,0.005081903,NA,6011
6013,120.7620308,0.258685382,0.296176631,0.873415911,0.382436422,0.626352565,6013
6015,31.23765377,-0.299326885,0.235608374,-1.27044247,0.203927063,NA,6015
6016,50.19845266,0.093290358,0.267097979,0.349273918,0.726883677,NA,6016
6022,25.85260385,0.370220233,0.324817346,1.139779748,0.254378073,NA,6022
6024,3.991796082,-0.151265397,0.493528331,-0.306497899,0.759225579,NA,6024
6025,4.989930397,-0.041417608,0.351078118,-0.117972628,0.906089346,NA,6025
6026,4.813225545,-0.062108702,0.327950087,-0.189384619,0.849791378,NA,6026
6028,7.854724174,-0.212259047,0.39692024,-0.534764988,0.592812377,NA,6028
6029,1.380770108,0.521930141,0.54242159,0.962222284,0.335937958,NA,6029
6033,779.1695511,0.500463546,0.191548296,2.612727733,0.008982283,0.111391364,6033
6032,514.2980632,0.38456502,0.182118631,2.111618222,0.034719208,0.168116081,6032
6034,228.7471217,-0.211896174,0.360477641,-0.587820576,0.556652732,0.756756655,6034
6035,168.5587449,-0.575081813,0.39183493,-1.467663473,0.142195657,0.332322435,6035
6036,5.221627273,0.263344313,0.419772102,0.627350679,0.53042939,NA,6036
6056,59.20888008,-0.190570418,0.23978112,-0.794768237,0.426748331,NA,6056
6062,2514.4692,-0.164615507,0.127966165,-1.286398691,0.198303955,0.407448001,6062
6061,331.5471056,0.152753649,0.084417306,1.809506328,0.070372378,0.252369907,6061
6067,113.3584059,0.060370391,0.310021493,0.194729694,0.845604564,0.935961605,6067
6068,261.0448099,-0.014182205,0.354450568,-0.040011798,0.96808372,0.977482591,6068
W-4,304.2687188,0.041236436,0.195323138,0.21111905,0.832794375,0.935961605,W-4
K-10,117.3261617,0.346016778,0.156641506,2.20897249,0.027176554,0.16150638,K-10
6072,450.7729384,0.435244515,0.19319193,2.252912503,0.024264666,0.157567981,6072
6073,763.5828473,0.121269139,0.083355064,1.454850296,0.145710711,0.336753642,6073
6074,118.8688063,-0.356303883,0.248658689,-1.432903408,0.151885443,0.343393176,6074
6075,3.768942583,0.195453776,0.541005816,0.361278511,0.717891256,NA,6075
6076,2.590399137,0.456990093,0.55085742,0.829597781,0.406766232,NA,6076
6078,32.66662963,0.65899987,0.260917444,2.525702613,0.011546718,NA,6078
6080,12.03599669,0.300336525,0.272489551,1.102194646,0.270377059,NA,6080
K-21,27.68274458,-0.006818879,0.299752348,-0.022748374,0.981850989,NA,K-21
6081,9.431931954,0.205439008,0.257736724,0.797088614,0.425399569,NA,6081
6083,31.04674057,-0.045921817,0.320458144,-0.143300514,0.88605285,NA,6083
6084,204.1812549,0.242937594,0.173300116,1.401831689,0.160965513,0.356179008,6084
6085,9.279839157,-0.36195953,0.40648846,-0.890454626,0.373221822,NA,6085
6086,6.259443115,-0.071163178,0.369092562,-0.192805776,0.84711108,NA,6086
6087,10.09238485,-0.185488917,0.390697634,-0.474763349,0.63495566,NA,6087
6088,15.97771437,-0.713305527,0.470865629,-1.51488128,0.129802472,NA,6088
K-66,2.991401799,0.437066814,0.531282811,0.822663193,0.410699552,NA,K-66
6091,431.8843178,0.102968777,0.095812205,1.074693748,0.282511864,0.515460243,6091
6092,57.09171479,0.154218888,0.218126158,0.707016938,0.479555952,NA,6092
6094,134.0224688,-0.621446611,0.294906665,-2.107265396,0.035094581,0.168116081,6094
6095,141.2107902,-0.041609558,0.26996344,-0.154130346,0.877506962,0.94358175,6095
6098,29.58515222,-0.248400793,0.264543142,-0.938980279,0.34774087,NA,6098
6097,42.10432248,-0.256104108,0.283494729,-0.903382257,0.366323053,NA,6097
6099,3.974184119,-0.05279631,0.371563769,-0.142092191,0.887007186,NA,6099
6104,26.06991929,-0.355215655,0.300668819,-1.181418335,0.237436578,NA,6104
6106,896.3088401,0.067234611,0.125365303,0.536309561,0.591744624,0.784463663,6106
6107,1085.960847,0.071385138,0.121300364,0.588498962,0.556197431,0.756756655,6107
6108,120.0432253,0.333696567,0.247701932,1.347169822,0.177925545,0.377637891,6108
6109,56.99543551,-0.246473497,0.211275879,-1.166595539,0.243373746,NA,6109
6114,12.33250438,-0.507653516,0.296550728,-1.71186063,0.086922356,NA,6114
6115,9.133784372,-0.052651305,0.24242027,-0.217190194,0.828060127,NA,6115
6116,97.28994544,-0.342796612,0.236705555,-1.448198422,0.147561566,NA,6116
6118,4.922614064,-0.216488092,0.412380107,-0.524972199,0.599602517,NA,6118
ERVW-9,387.0587042,0.047336009,0.154951354,0.305489479,0.759993382,0.898173996,ERVW-9
6119,287.681694,-0.284769442,0.196935091,-1.446006606,0.148175349,0.338686512,6119
6120,18.29184412,-0.268918865,0.200906763,-1.338525695,0.18072513,NA,6120
6122,65.4583912,-0.94883546,0.314079745,-3.021001756,0.002519399,NA,6122
6123,68.4523295,0.662460284,0.215990641,3.067078653,0.00216162,NA,6123
6124,446.5064189,-0.131171711,0.163564908,-0.801955091,0.422578936,0.648506258,6124
6125,16.47443368,-0.66701584,0.258240839,-2.582921601,0.009796758,NA,6125
6126,22.60170969,-0.158440092,0.322833003,-0.490780344,0.623581814,NA,6126
6127,614.5155739,-0.022904933,0.162310377,-0.141118106,0.88777664,0.945222913,6127
6128,140.7741299,0.183846527,0.255796485,0.718721865,0.472312308,0.692028747,6128
6129,7.27095242,-0.034665468,0.638852822,-0.054262057,0.956726379,NA,6129
ERVMER61-1,1.570561183,-0.900430236,0.983301598,-0.915721318,0.359813081,NA,ERVMER61-1
6132,7.724530476,0.344299657,0.398666171,0.863628974,0.387791742,NA,6132
6136,1.100375413,-0.302588647,0.855601218,-0.353656166,0.723596577,NA,6136
6135,1.180761204,1.348681355,0.755358139,1.785485964,0.074182526,NA,6135
6139,0.985159638,-0.074604459,0.755410336,-0.098760177,0.921328688,NA,6139
6143,49.48836239,-1.059395734,0.569131765,-1.861424363,0.062684273,NA,6143
6144,28.9789074,-0.002298001,0.209108578,-0.010989513,0.991231814,NA,6144
6145,1.194042825,-1.064136417,0.825064503,-1.289761484,0.197133485,NA,6145
6146,6.979768924,-0.77386698,0.505909486,-1.52965501,0.126102145,NA,6146
6148,55.16141998,-0.260592371,0.652885038,-0.399139751,0.689790234,NA,6148
ERVH1q31.3,2.391023035,-0.303580065,0.63942776,-0.474768354,0.634952091,NA,ERVH1q31.3
6152,1.856725969,-0.104457933,0.624100701,-0.167373523,0.867076157,NA,6152
6155,2.149318191,0.119206539,0.570041648,0.209118999,0.834355344,NA,6155
6157,4.572939825,1.780200051,0.551668109,3.226940296,0.001251216,NA,6157
6164,820.0801214,0.041962252,0.570545919,0.073547547,0.94137041,0.977482591,6164
ERVW-10,1705.264293,0.200556246,0.58388847,0.343483827,0.731234506,0.884283589,ERVW-10
6166,1048.229328,0.246558597,0.579164003,0.425714642,0.670315791,0.829914789,6166
6165,1399.211229,0.03406284,0.573052486,0.059441047,0.95260082,0.977482591,6165
6169,31.7121989,-0.417731643,0.308136524,-1.355670652,0.175203981,NA,6169
6171,78.19496176,0.210392859,0.34063098,0.617656265,0.536801947,NA,6171
6174,3.261440934,-0.594783817,0.52141182,-1.140717939,0.253987319,NA,6174
6176,528.4846264,-0.319721261,0.167660039,-1.906961629,0.056525557,0.21772807,6176
6177,19.49965453,0.005841245,0.403895758,0.014462258,0.98846119,NA,6177
6180,14.43962139,-0.12324873,0.265467196,-0.464271036,0.642453573,NA,6180
6181,31.31085503,-0.02260711,0.449996378,-0.050238428,0.959932389,NA,6181
W-5,9.578105303,0.132169315,0.252372207,0.523707884,0.600481731,NA,W-5
6183,16.13971006,0.290867501,0.21725802,1.338811341,0.180632098,NA,6183
6184,15.37541245,-0.028661051,0.224316177,-0.12777077,0.898330383,NA,6184
6185,7.590124038,0.025082842,0.251949339,0.099555102,0.92069754,NA,6185
6187,2.362511533,-0.080277322,0.550413708,-0.145849061,0.884040545,NA,6187
6188,8.219911121,-0.223816445,0.342529957,-0.653421518,0.51348457,NA,6188
6189,10.23095929,-0.284370301,0.393102915,-0.723399117,0.469434714,NA,6189
6191,2.324760676,-0.212249593,0.536444227,-0.39566013,0.692355772,NA,6191
6192,4.307841254,-0.147736394,0.46405315,-0.318360933,0.750211169,NA,6192
6193,5.423626539,-0.348470984,0.437053051,-0.797319646,0.425265413,NA,6193
6195,12.37417414,-0.224292965,0.30420375,-0.737311635,0.460932858,NA,6195
6196,6.114603065,0.424990433,0.439517009,0.966948775,0.333569642,NA,6196
6199,7.989761065,0.220199457,0.25392808,0.867172537,0.385847481,NA,6199
6203,31.33855757,-0.385515655,0.221996602,-1.736583583,0.082460699,NA,6203
6202,24.55974668,-0.352255403,0.224743449,-1.56736672,0.117028998,NA,6202
6205,104.6936156,0.022091403,0.271009935,0.081515103,0.935032314,NA,6205
6206,495.7326284,0.411789404,0.164897323,2.497247356,0.012516162,0.129828289,6206
6207,22.74910005,0.125902506,0.229352723,0.548947074,0.583041771,NA,6207
6208,22.63611192,0.192733446,0.253423969,0.760517826,0.446945118,NA,6208
6209,5.855698161,0.244805191,0.361669962,0.676874545,0.498485556,NA,6209
6211,332.8655624,0.272017487,0.115088801,2.36354436,0.018101059,0.129828289,6211
6212,443.2888722,0.311963903,0.11303186,2.759964344,0.005780767,0.096361851,6212
6214,5.429422009,0.031306504,0.318503795,0.098292405,0.921700109,NA,6214
6215,8.404948268,0.120658957,0.314603558,0.383526996,0.701329058,NA,6215
6217,84.93766115,-0.202171194,0.296901409,-0.68093713,0.495911272,NA,6217
6218,95.61036236,-0.37434416,0.287973077,-1.299927631,0.193625774,NA,6218
6219,5.932490042,-0.123778687,0.322930378,-0.383298368,0.701498549,NA,6219
ERVH1q42.2,24.75409413,-0.776430995,0.285628984,-2.718320051,0.006561434,NA,ERVH1q42.2
6223,17.13943421,-0.122936238,0.26769425,-0.459241236,0.646060942,NA,6223
6225,8.186594609,-0.644395265,0.301237909,-2.139157275,0.032422933,NA,6225
6224,7.855952596,-0.717607479,0.277401227,-2.586893673,0.009684547,NA,6224
6226,215.9109199,-0.197426712,0.246058303,-0.802357447,0.42234622,0.648506258,6226
6228,431.0863257,0.298928138,0.134056516,2.229866535,0.025756305,0.157567981,6228
6229,354.907465,0.195303335,0.229810832,0.849843906,0.395411876,0.627829543,6229
6230,8.479057651,-0.630871176,0.520140116,-1.212886983,0.225173033,NA,6230
K-34,1.734156282,-0.61788342,0.630265053,-0.980354879,0.326910974,NA,K-34
6231,4.116145227,-0.192642747,0.372796206,-0.516750826,0.605330111,NA,6231
6234,34.1856875,0.158981025,0.208520971,0.762422239,0.445808038,NA,6234
6238,399.0988657,0.398059428,0.208272402,1.911244237,0.055973201,0.21772807,6238
6239,95.10097917,0.433936639,0.227260778,1.909421597,0.056207727,NA,6239
6244,22.29542482,0.713961194,0.273253972,2.612811767,0.008980075,NA,6244
6245,675.710077,0.021659853,0.097584944,0.221958959,0.824345832,0.935961605,6245
6248,138.1353326,0.150472863,0.241777892,0.622359893,0.533705247,0.754024104,6248
6249,206.7584714,0.266827562,0.127152073,2.098491629,0.035861739,0.168116081,6249
6251,348.0256477,-0.189430946,0.221372181,-0.855712514,0.392156816,0.627829543,6251
6253,1046.948557,-0.342392312,0.213147498,-1.60636327,0.108194116,0.304113192,6253
6254,29.31963178,-0.653653065,0.329970163,-1.980945971,0.047597333,NA,6254
6255,104.9181469,-0.437606055,0.357109198,-1.225412445,0.22041986,NA,6255
6259,18.53869804,-1.37706229,0.455103658,-3.025821183,0.002479589,NA,6259
3180,343.5431793,-0.087552523,0.198901744,-0.440179766,0.659806913,0.829914789,3180
K-50,643.4713563,-0.503139313,0.327709037,-1.535323279,0.124704439,0.321780644,K-50
3182,476.7209232,-0.425169302,0.143712404,-2.958473244,0.003091671,0.096361851,3182
3185,10.57557852,-0.115160181,0.276907083,-0.415880229,0.677497648,NA,3185
3183,52.4392834,-0.597826074,0.241327053,-2.477244333,0.013240123,NA,3183
3184,37.65478149,-0.272349758,0.256610194,-1.061336471,0.288537017,NA,3184
3187,5.471501141,0.419101083,0.341685058,1.226571292,0.219983765,NA,3187
3189,724.4646835,0.07642428,0.116784103,0.654406535,0.512849925,0.745963528,3189
3191,55.2342833,0.123071486,0.304123494,0.404676024,0.685715669,NA,3191
3193,12.46551754,0.518564753,0.312108743,1.661487427,0.096615592,NA,3193
K-22,607.9831499,0.010621009,0.231004922,0.045977413,0.963328252,0.977482591,K-22
3194,69.62008365,0.124419516,0.16292974,0.763639078,0.445082355,NA,3194
3196,182.3505378,-0.117981566,0.226729152,-0.520363461,0.602810272,0.789480014,3196
3199,172.9691987,0.309740807,0.177520266,1.744819419,0.081016307,0.273933249,3199
3200,663.7385351,-0.006647242,0.146037699,-0.045517301,0.963694985,0.977482591,3200
3203,606.3718825,0.368466064,0.1725503,2.135412483,0.032727332,0.168116081,3203
3204,7.310555648,-0.332900481,0.303226946,-1.097859164,0.272265992,NA,3204
W-47,30.37795802,-0.448286939,0.215832506,-2.077013084,0.037800352,NA,W-47
3209,107.8263359,1.172268575,0.42345437,2.768346859,0.005634146,0.096361851,3209
3213,995.3678366,-0.299000381,0.141821177,-2.108291487,0.035005784,0.168116081,3213
3215,11.3097941,-0.612050128,0.31948398,-1.91574591,0.055397446,NA,3215
3221,15.20904653,0.131907183,0.200036806,0.659414566,0.509629591,NA,3221
3222,2094.602074,0.07658747,0.147459806,0.519378615,0.603496741,0.789480014,3222
3224,9.181169863,-0.64979451,0.473147705,-1.37334389,0.169645464,NA,3224
3226,505.209049,0.080743157,0.185278792,0.435792767,0.662987092,0.829914789,3226
3231,3.790455527,0.287948956,0.453888765,0.634404239,0.525817044,NA,3231
3232,389.3134212,-0.181056522,0.235746503,-0.768013607,0.442479101,0.666925021,3232
3233,28.21724985,0.186667995,0.308184338,0.605702406,0.544712386,NA,3233
3234,9.81866391,0.077999752,0.360451926,0.216394326,0.828680388,NA,3234
3236,23.16451654,0.067387053,0.270631947,0.248998885,0.803361644,NA,3236
3238,23.20873191,-0.722934431,0.354830952,-2.037405215,0.041609452,NA,3238
3241,6.951937943,-0.044487931,0.35246563,-0.126219202,0.899558412,NA,3241
3244,4.038485703,0.17719769,0.366803836,0.483085705,0.629034884,NA,3244
3245,369.1266491,0.195735482,0.117020377,1.672661524,0.094393948,0.276534382,3245
3247,64.76639801,-0.061076751,0.185105589,-0.329956276,0.741433,NA,3247
3250,202.1917554,0.304748427,0.177276594,1.719056194,0.08560414,0.273933249,3250
3253,7.032211479,-1.079672763,0.487134203,-2.216376425,0.026665733,NA,3253
3254,5.325989088,-0.525936325,0.427540108,-1.230144996,0.218642813,NA,3254
3255,1.22868638,-0.289157747,0.80885166,-0.35749169,0.720723746,NA,3255
3256,9.540174282,-0.112076901,0.265431165,-0.422244693,0.672846423,NA,3256
3257,73.86532118,-0.309220514,0.246207702,-1.255933552,0.209140063,NA,3257
3258,163.9743277,-0.069632743,0.193457089,-0.359938959,0.718892782,0.874442682,3258
3261,1.724613666,-0.390242019,0.876507324,-0.445223911,0.656157949,NA,3261
3263,6.66597491,0.0001631,0.443511122,0.000367747,0.99970658,NA,3263
3269,14.35487673,0.49305157,0.476910232,1.033845652,0.301208326,NA,3269
3274,6.760608711,0.079464904,0.342074596,0.23230285,0.816302799,NA,3274
3275,10.28298904,0.175008232,0.383283446,0.456602638,0.647956683,NA,3275
3276,178.3058242,-0.678030181,0.192355645,-3.52487799,0.000423678,0.045618849,3276
3279,8.718095513,0.122559961,0.415216506,0.295171215,0.76786309,NA,3279
W-118,5.273395438,-0.301963594,0.343466011,-0.879165869,0.379311348,NA,W-118
3283,45.90899045,-0.585139045,0.417029987,-1.403110238,0.160583969,NA,3283
3284,1.586262938,-0.440438443,0.799556536,-0.550853409,0.581734168,NA,3284
3286,43.60615946,-0.241258161,0.270328593,-0.892462607,0.372145027,NA,3286
3288,864.0576794,-0.001124876,0.220872144,-0.005092884,0.995936484,0.995936484,3288
3289,8.560711972,0.135426752,0.328241621,0.41258251,0.679912517,NA,3289
3291,13.26122212,0.294386178,0.234492635,1.255417591,0.209327207,NA,3291
3290,13.31421589,0.304243661,0.239597009,1.269814104,0.204150855,NA,3290
3292,19.31627624,0.391301021,0.251840629,1.553764469,0.120240609,NA,3292
3294,19.60080081,-0.266787846,0.17827128,-1.496527346,0.134516287,NA,3294
3297,8.828742788,0.407782244,0.278196449,1.465806789,0.142700931,NA,3297
3300,99.1158355,-0.573131579,0.256842296,-2.231453263,0.02565112,NA,3300
3301,33.82902999,-0.409173026,0.193950651,-2.109675964,0.034886276,NA,3301
3302,5.17897389,-0.200448754,0.443764763,-0.451700475,0.651484776,NA,3302
3305,20.00873309,-0.687140375,0.273291227,-2.514315524,0.011926368,NA,3305
3306,2.296025179,-0.821863889,0.565322225,-1.453797236,0.14600253,NA,3306
3307,14.74689449,0.305159549,0.427664606,0.713548758,0.475506253,NA,3307
3308,12.02291905,-0.027830929,0.36888017,-0.075447073,0.939859007,NA,3308
W-49,22.11277571,0.085569402,0.230500247,0.371233449,0.710463661,NA,W-49
3313,3.361243123,-0.256463949,0.462439576,-0.554589101,0.579175745,NA,3313
3314,1820.823661,0.079983077,0.103928931,0.769593956,0.441540792,0.666925021,3314
3315,24.96008433,-0.269911571,0.220632986,-1.223350942,0.221197174,NA,3315
3316,1468.660572,-0.741925521,0.34025135,-2.180521904,0.029218797,0.164257021,3316
3317,988.8981154,0.289529277,0.210182361,1.377514626,0.168353196,0.368604892,3317
3318,69.51109942,0.07528112,0.277839808,0.270951528,0.786428313,NA,3318
3319,109.0240906,0.455705696,0.302891474,1.50451807,0.132448024,0.323005947,3319
3320,34.32206452,-0.11906473,0.262582977,-0.453436591,0.650234393,NA,3320
3321,50.07342949,0.190851163,0.284740023,0.670264619,0.502689117,NA,3321
3322,38.88718975,-0.345309626,0.272077559,-1.269158789,0.204384436,NA,3322
3323,11.97447313,0.308786571,0.31541475,0.978985833,0.327586979,NA,3323
3326,42.38758949,-0.002193326,0.320150718,-0.006850918,0.994533801,NA,3326
W-50,16.26572404,-0.226965485,0.3489853,-0.650358297,0.515460808,NA,W-50
3328,5.534264274,-0.171123119,0.29337651,-0.583288412,0.559699162,NA,3328
W-51,37.50472262,0.213422034,0.188448121,1.132524077,0.257414168,NA,W-51
3334,11.57520628,0.042233927,0.278807937,0.151480362,0.879596801,NA,3334
3335,213.1716351,0.351162398,0.124787985,2.814072187,0.004891824,0.096361851,3335
3339,9.220841396,0.426152951,0.301211649,1.414795718,0.1571284,NA,3339
3338,4.18796432,0.05923543,0.407950568,0.14520247,0.884551016,NA,3338
3340,58.2561487,0.359630478,0.185366535,1.940104654,0.052366973,NA,3340
3341,2087.239996,0.679639246,0.247903265,2.7415502,0.006115002,0.096361851,3341
3342,14.56862978,-0.367764783,0.244896979,-1.501712212,0.133171449,NA,3342
3344,111.0672084,0.095536889,0.116977785,0.816709678,0.41409436,0.647606216,3344
3346,238.3655851,-0.545572079,0.200703553,-2.718298058,0.00656187,0.096361851,3346
3349,7.413544951,-0.794584685,0.362375248,-2.192712358,0.02832811,NA,3349
3350,2.889291516,-0.069282802,0.467636143,-0.148155362,0.882220159,NA,3350
3351,17.90484349,-0.090256023,0.26704037,-0.337986435,0.735373411,NA,3351
3353,3.376427964,-0.556788652,0.798036108,-0.69769857,0.485365722,NA,3353
3355,0.845976536,-0.410514556,0.74494901,-0.551063966,0.581589826,NA,3355
3358,2.875235996,0.127680626,0.404183855,0.315897393,0.752080391,NA,3358
3363,7.251528192,-0.070264058,0.258039769,-0.272299338,0.785391865,NA,3363
3364,5.68835695,0.086208098,0.31477125,0.273875387,0.784180387,NA,3364
3365,6.214466578,0.290565881,0.367985684,0.789611918,0.429754446,NA,3365
3366,54.48502668,-0.235913189,0.215916463,-1.092613255,0.274563641,NA,3366
3367,292.5870338,0.19627081,0.169817082,1.155777781,0.247772064,0.462753518,3367
3370,650.0207605,-0.05514186,0.116302094,-0.474126116,0.635409976,0.826032969,3370
3371,45.09505991,0.341771425,0.355820671,0.960515938,0.336795614,NA,3371
3372,94.77681758,0.083814692,0.25922126,0.323332632,0.746443343,NA,3372
3375,152.1879589,-0.831252851,0.351208079,-2.366838637,0.017940753,0.129828289,3375
3379,121.1399368,0.038858865,0.253488417,0.153296414,0.878164528,0.94358175,3379
3380,123.0504914,0.19357539,0.260994332,0.741684266,0.458278655,0.681384208,3380
3382,75.72593465,-0.052293861,0.312880014,-0.16713711,0.867262167,NA,3382
3383,19.09821471,0.455216613,0.306635953,1.484550684,0.137662888,NA,3383
3385,8.896077743,-0.043392065,0.339679741,-0.127744049,0.89835153,NA,3385
3386,5.013771578,-0.104805884,0.401170791,-0.261250038,0.793899693,NA,3386
3387,58.76970229,0.273706843,0.33838957,0.808851296,0.418600686,NA,3387
3388,12.26913396,0.550578357,0.44041863,1.250125037,0.211253875,NA,3388
3389,11.34110425,-0.352876776,0.484798756,-0.727883008,0.466685206,NA,3389
3392,87.81297534,0.050688413,0.239950502,0.211245288,0.832695874,NA,3392
3393,15.36670175,-0.687881534,0.331746338,-2.073516586,0.038124229,NA,3393
3394,92.54818593,-0.032492943,0.251849466,-0.12901732,0.897343944,NA,3394
3395,193.4035791,-0.432755651,0.216878483,-1.995383055,0.046001118,0.187612401,3395
3397,349.5526182,0.450772466,0.247599664,1.820569781,0.06867228,0.250593583,3397
3400,2.709840584,-0.083770011,0.410128505,-0.204253083,0.838155732,NA,3400
3401,2.275041398,0.029523128,0.463819042,0.063652255,0.949247123,NA,3401
W-52,17.24964493,0.178261429,0.226881438,0.785703012,0.432041498,NA,W-52
3403,1353.190164,0.284128951,0.08437695,3.367376389,0.00075887,0.045618849,3403
3405,3.112011092,-0.088387387,0.387053408,-0.228359665,0.819366644,NA,3405
3406,90.94934013,0.095884723,0.135169221,0.70936802,0.478096128,NA,3406
3408,20.53203396,0.258945468,0.345575786,0.749316008,0.453666761,NA,3408
3407,6.193473384,0.03509324,0.428433909,0.081910509,0.934717877,NA,3407
3409,2440.827626,-0.319088928,0.207304766,-1.539226202,0.123749083,0.321780644,3409
3411,18.04833071,0.296894976,0.211274581,1.405256485,0.159945023,NA,3411
3413,6.175060787,0.256777428,0.366906837,0.69984367,0.484024939,NA,3413
W-68,11.1522901,-0.013269845,0.406727456,-0.032625889,0.973972925,NA,W-68
3415,180.5015525,0.023714947,0.157178942,0.150878653,0.88007144,0.94358175,3415
3417,35.79539053,-0.163616092,0.224944853,-0.727360907,0.467004896,NA,3417
3421,20.14115093,0.181736012,0.322357006,0.563772489,0.572908977,NA,3421
3420,25.45315405,0.418670731,0.311603206,1.343602129,0.179077081,NA,3420
3422,167.3606652,-0.010998966,0.2238988,-0.049124722,0.960819902,0.977482591,3422
3423,7.116865092,-0.284616916,0.587487659,-0.484464502,0.628056251,NA,3423
3425,7.007787138,0.112346719,0.436428032,0.257423242,0.796852063,NA,3425
3427,1.889730844,1.068306078,0.83488266,1.279588293,0.200689969,NA,3427
W-53,201.0446523,-0.612698299,0.333430106,-1.837561417,0.066127059,0.245614789,W-53
3430,88.71078867,-0.3148443,0.218254486,-1.442555918,0.149145609,NA,3430
3431,13.59871579,-0.465598441,0.414008247,-1.124611512,0.260753693,NA,3431
3432,251.7747064,-0.31246299,0.323506093,-0.965864311,0.334112083,0.593977036,3432
3433,99.15119343,-0.123316557,0.120407449,-1.02416054,0.305759454,NA,3433
3434,28.23857395,-0.135180493,0.236737631,-0.571013964,0.567990177,NA,3434
3436,1631.807074,0.149574819,0.201824155,0.741114554,0.458623986,0.681384208,3436
3439,2.817704371,-0.235191118,0.606565669,-0.387742219,0.698206809,NA,3439
3441,2.334571312,-1.400516472,0.809777153,-1.729508503,0.083718126,NA,3441
3442,1.062687625,-0.626274051,1.181546517,-0.530046039,0.596080011,NA,3442
3443,12.37755294,-0.066573593,0.634096347,-0.104989712,0.916383973,NA,3443
3445,3.657027313,-0.002021876,0.551530875,-0.003665934,0.997075014,NA,3445
3448,25.69723778,-0.348915178,0.240591051,-1.450241714,0.146991126,NA,3448
3449,15.59528883,-0.248411543,0.232163722,-1.069984324,0.284626365,NA,3449
3451,11.67483148,-0.286761221,0.294009173,-0.97534787,0.329387732,NA,3451
3452,61.88179738,0.046780124,0.234549244,0.199446919,0.841913162,NA,3452
3456,43.71195923,-0.196076746,0.351753485,-0.557426591,0.577236002,NA,3456
3458,33.19701487,-0.11029276,0.264356487,-0.417212234,0.676523177,NA,3458
3459,3.540177707,-0.341607261,0.453096251,-0.753939721,0.450885418,NA,3459
3461,3.072603352,0.167419752,0.458922417,0.364810577,0.715252809,NA,3461
3466,5.511102962,-0.583842185,0.419109789,-1.393053086,0.163603738,NA,3466
3468,6.435288194,-0.002444062,0.571169544,-0.004279049,0.996585824,NA,3468
3470,1.809655529,-0.357169336,0.540923569,-0.660295384,0.509064292,NA,3470
3471,1.254568081,-0.509405727,0.721954637,-0.705592431,0.480441633,NA,3471
3473,0.88087547,-0.146557834,0.843612221,-0.173726542,0.862080377,NA,3473
3475,0.575920359,-0.724937192,1.132668278,-0.640026039,0.522155671,NA,3475
3478,1.103742381,1.141219075,0.667205927,1.71044505,0.087183607,NA,3478
3490,6.951117383,0.057876445,0.269171159,0.215017259,0.829753863,NA,3490
3489,1.352892445,-0.250650838,0.616716989,-0.406427653,0.684428405,NA,3489
3492,1.421545543,-0.401819892,0.565729937,-0.710268037,0.477537937,NA,3492
3491,3.754977671,-0.275064203,0.359111153,-0.765958399,0.443701056,NA,3491
3495,1.025440711,-0.1832062,0.792024435,-0.231313824,0.817071008,NA,3495
3498,4.433683498,0.330403953,0.352006311,0.938630766,0.347920351,NA,3498
3497,10.9707226,0.285626691,0.404871144,0.705475545,0.480514345,NA,3497
3503,15.38245506,0.584179273,0.29505285,1.979914015,0.047713191,NA,3503
3505,40.31091081,1.09046209,0.405148569,2.691511644,0.007112902,NA,3505
3506,4.47713551,-0.027820169,0.51202888,-0.054333202,0.956669697,NA,3506
3508,5.661872176,0.124549414,0.334948483,0.371846478,0.710007156,NA,3508
3509,3.317523862,0.373076555,0.355432367,1.049641478,0.293882979,NA,3509
3510,6.532926635,0.262975744,0.353250415,0.744445675,0.456606895,NA,3510
3511,98.30096108,0.318694162,0.439731447,0.724747262,0.468607095,NA,3511
3512,27.09099087,0.063567992,0.30942137,0.205441504,0.837227196,NA,3512
3513,93.28570669,-0.436128642,0.244839736,-1.781282113,0.074866375,NA,3513
3514,50.47949256,0.077457371,0.1998935,0.387493196,0.698391121,NA,3514
3516,21.71206336,-0.10443348,0.231983235,-0.45017684,0.652582935,NA,3516
HERVK-27,1240.019875,0.418153128,0.168289716,2.484721806,0.012965271,0.129828289,HERVK-27
3518,358.806622,-0.904667928,0.313309766,-2.887455245,0.003883719,0.096361851,3518
3520,41.94572183,-0.182033919,0.188283222,-0.966809026,0.333639512,NA,3520
3521,39.25727492,-0.121566916,0.168557809,-0.721217942,0.470775435,NA,3521
3522,186.1507371,0.496463374,0.208473733,2.381419318,0.017246068,0.129828289,3522
3525,20.19448734,-0.067900269,0.200603396,-0.338480155,0.735001379,NA,3525
3524,18.33028581,-0.184090466,0.206569744,-0.891178263,0.372833544,NA,3524
3523,24.05809882,-0.15860131,0.238951846,-0.663737538,0.506858309,NA,3523
3526,24.58236903,0.221750272,0.21542005,1.029385485,0.303298567,NA,3526
3527,220.981659,-0.397415557,0.264900155,-1.500246602,0.133550536,0.323005947,3527
3528,161.9676648,-0.555381492,0.234901577,-2.364315728,0.018063411,0.129828289,3528
3529,18.1554871,-0.120221278,0.214241921,-0.561147308,0.57469712,NA,3529
3530,22.7767423,0.562725233,0.24143501,2.33075242,0.019766418,NA,3530
3533,206.3385177,-0.058734155,0.109626188,-0.535767556,0.592119207,0.784463663,3533
3537,167.0252687,0.657534932,0.192100435,3.422870608,0.000619636,0.045618849,3537
3539,45.18010356,-0.032439756,0.258230584,-0.125623216,0.900030185,NA,3539
3540,10.05977149,-0.352792483,0.274663565,-1.284453154,0.198983445,NA,3540
3543,388.0539189,-0.480744113,0.187899321,-2.558519689,0.010511887,0.121470691,3543
3542,642.1244264,-0.360303737,0.161003196,-2.237866993,0.02522973,0.157567981,3542
K-51,255.1170096,-0.187038795,0.144184583,-1.297217716,0.194556287,0.404677076,K-51
3544,405.312237,0.104967086,0.123020258,0.853250414,0.393520452,0.627829543,3544
3545,921.7380352,0.13614297,0.133048079,1.023261447,0.306184247,0.553370101,3545
3546,133.4419119,0.226163282,0.133529888,1.693727794,0.09031702,0.276534382,3546
3547,2742.006587,0.23865931,0.14240071,1.675969938,0.093744081,0.276534382,3547
3548,137.0219138,-0.457177377,0.198810979,-2.299558005,0.021473274,0.144078739,3548
3550,255.8344685,0.014823898,0.114714669,0.129224087,0.897180337,0.947276701,3550
3551,193.2448906,0.17516602,0.123535443,1.417941405,0.156207873,0.349368145,3551
3552,523.0336845,0.272067106,0.134745709,2.019115176,0.04347525,0.184547999,3552
3553,93.66667911,0.005310131,0.148311356,0.035803939,0.971438692,NA,3553
3555,723.4757723,0.026443185,0.225710821,0.117155147,0.906737109,0.952531913,3555
3557,224.6450971,0.175960437,0.276866054,0.635543559,0.525073967,0.753209553,3557
3559,245.8929896,-0.076208046,0.247791394,-0.307549202,0.758425378,0.898173996,3559
3558,282.8373697,0.062107959,0.296402026,0.209539591,0.834027032,0.935961605,3558
3561,355.6933115,0.171815464,0.282887418,0.607363398,0.543609773,0.754024104,3561
3562,60.70514454,0.251915019,0.322706004,0.780633195,0.435018263,NA,3562
3564,193.0747274,0.537566675,0.31755347,1.692838299,0.09048625,0.276534382,3564
3565,103.9990732,0.455359495,0.331598455,1.373225621,0.169682217,NA,3565
3568,108.602604,0.035394101,0.135376987,0.26144843,0.793746714,0.92752425,3568
3567,113.046651,-0.063638256,0.137867083,-0.461591377,0.64437438,0.829914789,3567
3566,102.4125352,0.122072011,0.167713778,0.727859174,0.466699797,NA,3566
3574,151.7999785,0.123201546,0.109348736,1.126684685,0.25987582,0.478355491,3574
3577,148.5347069,-0.102757848,0.174629646,-0.588433009,0.556241687,0.756756655,3577
3580,6.972923142,-0.195104901,0.416201117,-0.468775533,0.63923009,NA,3580
3584,866.585841,-0.038044844,0.241078955,-0.157810722,0.87460595,0.94358175,3584
3586,68.70307695,-0.182542244,0.198843759,-0.918018473,0.358609194,NA,3586
3587,1.034701204,-0.762309694,0.687343894,-1.109065928,0.267401742,NA,3587
3592,2.470499057,-0.09625909,0.596737488,-0.161308938,0.871850084,NA,3592
3593,48.4201693,0.331613346,0.376617006,0.880505504,0.378585525,NA,3593
3594,94.18662375,0.072039352,0.253718596,0.283934065,0.77646091,NA,3594
3595,59.35488744,-0.098171098,0.199380984,-0.492379443,0.622451129,NA,3595
3597,10.18109823,-0.831079579,0.394676518,-2.105723399,0.035228386,NA,3597
3598,43.78089522,0.174437087,0.265002409,0.658247177,0.510379314,NA,3598
3599,29.23264901,0.144301988,0.289640782,0.498210187,0.618335903,NA,3599
3601,218.6151842,-0.462464673,0.29779419,-1.552967412,0.12043092,0.321780644,3601
3600,337.1589179,-0.362121589,0.267462781,-1.353913946,0.175763834,0.376895643,3600
3602,25.47966539,-0.028068296,0.274122636,-0.102393206,0.918444576,NA,3602
3604,17.82383463,0.335193175,0.313862486,1.067961895,0.285537701,NA,3604
3605,8.776580626,-0.318586164,0.351137702,-0.907296944,0.36424979,NA,3605
3606,35.10618774,0.262632484,0.282224824,0.930578963,0.352071401,NA,3606
3609,8.848708976,-0.209307175,0.354543224,-0.590357286,0.554951141,NA,3609
3610,36.34050004,-0.196819563,0.392854333,-0.500998834,0.616371944,NA,3610
3611,24.70673926,0.165068756,0.403761964,0.408826909,0.682666691,NA,3611
3615,1.635696389,0.239438673,0.702083495,0.341040168,0.733073343,NA,3615
3616,3.576165141,-0.060797715,0.58248271,-0.104376858,0.916870287,NA,3616
3618,4.614723481,-0.621760275,0.486270216,-1.27863121,0.201026954,NA,3618
3620,173.2591603,0.220617828,0.187579889,1.176127297,0.239544012,0.452955949,3620
3621,124.3409643,0.663344971,0.316999262,2.092575754,0.036387043,0.168116081,3621
3622,117.2840021,0.615160005,0.366118678,1.680220218,0.092914477,0.276534382,3622
3624,78.52547301,0.433632532,0.331006054,1.310044113,0.190180913,NA,3624
K-8,12.84338801,-0.344732021,0.352572928,-0.977760894,0.328192596,NA,K-8
3627,6.983309338,-0.261530361,0.399172378,-0.655181509,0.512350898,NA,3627
3628,10.88384227,-0.619509115,0.38968718,-1.589760062,0.111888899,NA,3628
3632,4.92875476,-0.60423035,0.405805108,-1.488966841,0.136496101,NA,3632
3633,3.439074652,-0.376675491,0.490028333,-0.768681046,0.442082679,NA,3633
3636,34.57661102,-0.373294908,0.301402127,-1.238527783,0.215520427,NA,3636
W-55,15.8690718,0.291908636,0.247025491,1.181694384,0.237326987,NA,W-55
3637,260.8318804,0.200364429,0.096153973,2.083787314,0.037179518,0.168116081,3637
3640,60.17679454,0.303077414,0.322688007,0.93922739,0.347614009,NA,3640
3642,10.68303139,0.943107261,0.400252802,2.356278974,0.018459049,NA,3642
3643,5.727903728,0.30533215,0.364714412,0.837181476,0.402490568,NA,3643
3644,14.5425386,0.165373975,0.327614666,0.504781967,0.613711983,NA,3644
3646,7.50195097,0.154882638,0.323172344,0.479257093,0.631755743,NA,3646
3648,132.5912114,0.298563972,0.200050575,1.492442457,0.135583192,0.324152918,3648
3651,51.82790861,-0.226377578,0.196389708,-1.152695731,0.249035294,NA,3651
W-56,15.71151516,-0.213839891,0.270860587,-0.789483231,0.429829627,NA,W-56
K-20,35.26289877,-0.034944566,0.197423222,-0.177003321,0.859505781,NA,K-20
3656,3237.830508,0.424585234,0.148831248,2.852796313,0.004333639,0.096361851,3656
3658,42.22884247,-0.126167618,0.337283995,-0.374069389,0.708352693,NA,3658
3659,46.9815172,0.373611222,0.272841416,1.369334714,0.170894672,NA,3659
3663,22.53136254,-0.704642581,0.375307086,-1.877509395,0.060448311,NA,3663
3672,4.473502536,-0.513726416,0.448882982,-1.144455096,0.25243495,NA,3672
3673,12.86816437,0.431051833,0.289853809,1.487135307,0.136979078,NA,3673
3674,7.150147745,0.143499705,0.281424824,0.509904217,0.610118567,NA,3674
3675,15.88841819,0.041607335,0.332810945,0.125017927,0.900509358,NA,3675
3676,107.0291807,-0.821397255,0.336922082,-2.437944261,0.014771051,NA,3676
3677,38.62638477,-0.496073069,0.217073904,-2.285272708,0.022296842,NA,3677
3678,55.03940928,0.252007461,0.237858931,1.059482861,0.289379931,NA,3678
3679,10.30504895,-0.215193285,0.301195431,-0.714463975,0.474940325,NA,3679
3680,6.101494904,-0.095728264,0.346780754,-0.276048375,0.782510911,NA,3680
3682,516.6662595,0.532571885,0.351907676,1.513385245,0.130181831,0.32235501,3682
3683,59.70415433,-0.355722024,0.194124316,-1.832444442,0.066885232,NA,3683
3684,40.05012552,-0.053916227,0.268612021,-0.200721572,0.840916291,NA,3684
3687,1737.125347,-0.179983032,0.151353734,-1.189154887,0.234378723,0.450013547,3687
3688,623.3263611,-0.218997104,0.165271626,-1.325073816,0.18514667,0.388995024,3688
3689,15.6259918,-0.084864725,0.180580733,-0.46995448,0.638387539,NA,3689
3690,17.58381242,-0.168828424,0.17353762,-0.972863543,0.330621127,NA,3690
ERVW-23,676.6616603,0.3997338,0.163991753,2.4375238,0.014788241,0.129828289,ERVW-23
3692,130.2282663,0.075609406,0.286634041,0.263783763,0.791946547,0.92752425,3692
3694,42.46863352,-0.078393694,0.200659611,-0.390679987,0.696033793,NA,3694
3698,24.69350198,0.333839989,0.322648534,1.034686209,0.300815479,NA,3698
3699,21.30748464,0.114172587,0.345369123,0.330581338,0.740960745,NA,3699
3701,4.236685856,-0.07561871,0.385912366,-0.195947881,0.84465096,NA,3701
3703,26.12672372,-0.010039537,0.306271601,-0.032779851,0.973850146,NA,3703
3704,141.9089143,0.194156798,0.21735154,0.893284667,0.371704747,0.615676423,3704
3710,317.1318849,0.006376716,0.251313576,0.025373545,0.979757012,0.984490138,3710
3711,249.418342,-0.502329344,0.236182478,-2.126869645,0.033430916,0.168116081,3711
3713,10.55152845,0.087000047,0.197886884,0.439645344,0.660193994,NA,3713
3714,17.5022836,0.181283417,0.344933134,0.52556104,0.599193232,NA,3714
3715,12.75175281,-0.029852809,0.216010504,-0.138200727,0.89008178,NA,3715
3716,6.343137296,0.130297641,0.309317975,0.421241737,0.67357857,NA,3716
3720,34.88477341,0.270813099,0.256370497,1.056334883,0.290815244,NA,3720
3722,3.268525837,0.130190709,0.467455217,0.278509479,0.780621289,NA,3722
3723,7.561937415,-0.428725729,0.471361291,-0.909548021,0.363060922,NA,3723
3724,7.226193648,-0.61210126,0.338133234,-1.810236909,0.070259056,NA,3724
3726,1.769887925,-0.246990441,0.688203134,-0.35889177,0.719676057,NA,3726
3728,7.257004423,0.082751971,0.55769716,0.148381554,0.882041657,NA,3728
3727,11.05177418,-0.313524178,0.399422855,-0.784943009,0.432486984,NA,3727
3730,10.54056569,-0.561807545,0.331566588,-1.694403371,0.090188659,NA,3730
3731,4.346737294,0.125241964,0.421253562,0.297307787,0.766231537,NA,3731
3732,3.202264607,-0.017523872,0.52322379,-0.033492117,0.973282152,NA,3732
3737,3.023938321,-0.192329095,0.445722031,-0.431500087,0.666104789,NA,3737
3738,155.4928846,-0.272718093,0.267858476,-1.018142483,0.308610249,0.553370101,3738
3741,539.8473165,0.353409532,0.135503552,2.608120052,0.009104102,0.111391364,3741
3742,3.492065647,-0.347382736,0.401607861,-0.864979922,0.387049809,NA,3742
3743,159.7641946,0.707350311,0.362286947,1.952458728,0.050883766,0.203535065,3743
3748,3.685257547,-0.481758,0.356055803,-1.35304072,0.176042622,NA,3748
3750,11.48343615,-0.261803699,0.255175467,-1.025975193,0.304903277,NA,3750
3751,80.48325886,-0.21023378,0.151118748,-1.391182653,0.164170046,NA,3751
3758,1.815776262,-0.342808647,0.584303297,-0.58669641,0.55740762,NA,3758
3757,1.665187527,0.261438493,0.620370519,0.421423142,0.673446124,NA,3757
HERVH,0.838038741,-0.482495529,0.90081799,-0.535619331,0.592221666,NA,HERVH
3761,0.237567589,-0.135850279,1.830127044,-0.074229972,0.940827398,NA,3761
K-44,0.16429807,0.34399002,2.529017444,0.136017259,0.891807637,NA,K-44
3769,2.043031449,0.271008312,0.517693026,0.523492298,0.600631709,NA,3769
W-122,2.587670371,-0.029851868,0.485671417,-0.061465152,0.950988766,NA,W-122
W-123,7.472565643,0.24693087,0.441363513,0.559472777,0.575839105,NA,W-123
3770,3.05094523,0.002735182,0.51066526,0.005356114,0.995726459,NA,3770
3771,8.11958875,0.191256723,0.259561764,0.736844747,0.461216768,NA,3771
3772,3.630338638,-0.500276765,0.425928819,-1.174554862,0.240172851,NA,3772
3775,85.73259126,-0.614722996,0.229323148,-2.680597237,0.007349091,NA,3775
3776,1838.3265,0.181036996,0.104201898,1.737367538,0.082322317,0.273933249,3776
3777,209.1142333,0.119229018,0.133822859,0.890946573,0.372957833,0.615676423,3777
3780,61.51984248,-0.385654058,0.227824105,-1.69277109,0.090499048,NA,3780
3781,61.02970377,-0.325356178,0.23545386,-1.381825628,0.167025248,NA,3781
3783,5.703628995,-0.039859391,0.318856724,-0.125007216,0.900517837,NA,3783
3784,2.995921996,-0.064097559,0.425165023,-0.150759248,0.880165634,NA,3784
3785,130.3441683,0.336927466,0.220701767,1.526618794,0.126855831,0.321780644,3785
3786,4.015611424,-1.06651154,0.381086158,-2.798610019,0.005132308,NA,3786
3788,48.88295618,0.126860094,0.165132493,0.768232177,0.442349261,NA,3788
3790,51.22214767,-0.274529568,0.181180787,-1.515224506,0.129715559,NA,3790
3792,78.51709852,0.405487763,0.233741296,1.734771608,0.082781267,NA,3792
ERVW-24,226.8259842,0.510478827,0.208835363,2.444407978,0.014509009,0.129828289,ERVW-24
3795,588.0928766,0.104756639,0.195460376,0.535948215,0.591994341,0.784463663,3795
3797,4.904903455,0.276316362,0.295618543,0.934705785,0.349939945,NA,3797
3799,196.6220118,-0.029578698,0.455517145,-0.064934325,0.948226291,0.977482591,3799
3804,165.9460287,-0.259486369,0.167215293,-1.551810032,0.120707685,0.321780644,3804
3806,17.65240394,-0.034763371,0.262225826,-0.132570355,0.894533179,NA,3806
K-13,8.5347434,-0.603114515,0.311165429,-1.938243966,0.052593465,NA,K-13
3810,14.18540973,0.635888715,0.290206249,2.191161342,0.028440119,NA,3810
3811,18.79618975,0.064082936,0.275110189,0.232935523,0.815811473,NA,3811
3812,359.2542963,-0.471352388,0.397601863,-1.185488379,0.235824407,0.450013547,3812
3814,1.70595428,0.625224524,0.699381762,0.89396744,0.371339313,NA,3814
3816,2.868307115,-0.885941258,0.564292606,-1.570003306,0.116414342,NA,3816
3818,67.8389841,-0.466441556,0.350001007,-1.332686327,0.182634762,NA,3818
3820,9.646624113,0.012202186,0.512283654,0.023819198,0.980996826,NA,3820
3822,4.245540424,0.396914308,0.426719122,0.930153555,0.352291585,NA,3822
3825,230.9681205,0.387587551,0.136864748,2.83190198,0.004627203,0.096361851,3825
3826,11.18692776,-0.348271579,0.36882981,-0.94426093,0.345036326,NA,3826
3827,10.39575464,0.086450798,0.3603068,0.239936627,0.810379386,NA,3827
3832,231.3599993,-0.443235761,0.213703925,-2.074064668,0.038073305,0.168494628,3832
3833,277.40921,-0.352913077,0.204709124,-1.723973366,0.084712651,0.273933249,3833
3835,962.2918705,0.151600147,0.161870936,0.936549517,0.34899033,0.604916572,3835
3836,6.300726991,-0.7397433,0.436293671,-1.695516917,0.089977404,NA,3836
3838,12.984096,0.251420959,0.555412616,0.452674195,0.650783364,NA,3838
3839,12.31669115,-0.685437699,0.506330395,-1.353736031,0.175820609,NA,3839
3841,336.2507021,-0.217159651,0.357684727,-0.607125871,0.543767382,0.754024104,3841
3842,1249.402994,0.115477006,0.090068374,1.282103814,0.199806231,0.407448001,3842
3843,19.83753597,0.483812778,0.246076405,1.966107954,0.049286142,NA,3843
3844,53.55847884,-0.149428025,0.208204764,-0.717697438,0.472943863,NA,3844
3846,41.48851931,0.161381,0.29911621,0.539526092,0.589523898,NA,3846
3847,130.5488652,0.239322814,0.190331053,1.257402874,0.208607789,0.421266215,3847
3850,51.3565477,0.341550945,0.248340645,1.375332436,0.169028405,NA,3850
3853,136.7567949,0.31422915,0.206787643,1.51957412,0.128618046,0.322319924,3853
3854,391.5488719,0.142666637,0.158750713,0.898683444,0.368821298,0.615676423,3854
3857,0.528105301,-0.005621423,0.904044939,-0.006218079,0.995038723,NA,3857
3859,1.194677578,-1.125507556,0.745372383,-1.509993637,0.131045048,NA,3859
W-125,0.664182872,-1.170335091,0.862908801,-1.356267417,0.175014098,NA,W-125
3861,1.220904921,-0.324628885,0.647919435,-0.501032794,0.616348043,NA,3861
3863,2.367991053,-0.735709893,0.522774156,-1.407318792,0.159332879,NA,3863
3864,2.837486403,-0.509932087,0.477511685,-1.06789447,0.285568117,NA,3864
3866,896.8526328,0.16159723,0.105703877,1.528772967,0.126320736,0.321780644,3866
3867,1.505275512,-0.552936086,0.586423864,-0.942894926,0.345734651,NA,3867
3868,11.65757389,-1.430687914,0.446630503,-3.203291994,0.001358661,NA,3868
3874,2.954462593,-0.786427468,0.645279414,-1.218739435,0.222943105,NA,3874
3876,8.203386546,-0.014721807,0.470025642,-0.031321284,0.975013316,NA,3876
3880,594.8847833,-0.087830469,0.102316431,-0.858419978,0.3906606,0.627829543,3880
3882,13.48927514,-0.181720811,0.204378967,-0.889136559,0.373929693,NA,3882
3881,15.58343385,-0.343854903,0.208184965,-1.651679813,0.09859984,NA,3881
3883,98.09473321,-0.219201804,0.135893343,-1.613042982,0.10673517,NA,3883
3886,547.2178645,-0.17840873,0.196394167,-0.908421735,0.363655447,0.614962056,3886
3887,406.4777129,0.42467505,0.262649247,1.616890417,0.105901937,0.301747986,3887
3888,17.93327104,0.131308485,0.224463113,0.584989146,0.558555015,NA,3888
3891,1.239657378,0.306348488,0.695309042,0.440593275,0.659507472,NA,3891
3892,10.84890384,-0.380602545,0.379920702,-1.001794698,0.316442758,NA,3892
3894,524.9423139,0.290301727,0.177491772,1.635578503,0.101927832,0.294458183,3894
W-126,72.87693911,0.128914039,0.182224573,0.707445968,0.479289379,NA,W-126
3895,4.840074063,0.139313749,0.405320579,0.3437125,0.73106251,NA,3895
3898,4.255914964,0.180096806,0.373715702,0.481908588,0.629870885,NA,3898
3899,12.75695607,0.144047208,0.350149818,0.411387356,0.680788524,NA,3899
3901,252.1955837,0.025241155,0.105970971,0.238189335,0.811734248,0.935961605,3901
K-69,118.0645309,0.342475327,0.139745541,2.450706654,0.014257609,0.129828289,K-69
3902,292.1154897,0.328462389,0.163899275,2.004050285,0.045064674,0.187469044,3902
3903,2.564721028,-0.119726281,0.513830391,-0.233007396,0.815755663,NA,3903
3905,2.194888319,-0.294622329,0.530169848,-0.555713098,0.578407001,NA,3905
3906,774.3925941,0.05162165,0.211410353,0.244177496,0.807093355,0.935961605,3906
3907,16.22819166,-0.0563311,0.212318757,-0.265313819,0.79076772,NA,3907
3908,85.54239163,0.037463281,0.203434373,0.184154134,0.85389254,NA,3908
W-127,50.41797759,0.070532541,0.186938196,0.377304063,0.705947653,NA,W-127
3912,4.116259702,-0.809274722,0.40361131,-2.005084354,0.04495403,NA,3912
3913,9.28857945,-0.350483987,0.432753704,-0.809892519,0.418001952,NA,3913
3914,3.075368377,0.802490388,0.808959521,0.992003143,0.321195992,NA,3914
3915,85.78022096,-1.260160999,0.496044704,-2.540418211,0.011071999,NA,3915
3916,5.19577987,-1.775383404,0.528403221,-3.359902693,0.000779699,NA,3916
3919,6.484424046,-0.30185186,0.363106033,-0.831304998,0.405801352,NA,3919
3920,17.44633364,-0.29883132,0.222975703,-1.340196788,0.180181376,NA,3920
3921,163.1463257,-0.027172739,0.118521448,-0.229264319,0.818663484,0.935961605,3921
3922,796.5996718,-0.041193037,0.095634249,-0.430735192,0.666660927,0.829914789,3922
3927,1059.171284,-0.05005518,0.153599217,-0.325881738,0.744513833,0.895138019,3927
3929,493.3469913,-0.01820624,0.132476343,-0.137430123,0.890690822,0.945222913,3929
3931,3.858096938,-0.307278817,0.393048213,-0.781784034,0.434341506,NA,3931
3932,6.211839958,-0.125658113,0.37935707,-0.331239676,0.740463453,NA,3932
3935,509.0096871,-0.15290526,0.264651508,-0.577760772,0.563425643,0.760990479,3935
3937,372.7491292,-0.6978143,0.293596319,-2.376781505,0.01746443,0.129828289,3937
3941,7.334304284,-0.582079829,0.392624135,-1.482537054,0.138197452,NA,3941
3942,639.5862686,0.035066533,0.174690325,0.200735406,0.840905473,0.935961605,3942
3943,1332.253659,0.031765543,0.078097299,0.406743177,0.684196625,0.842088154,3943
ERVW-25,184.5386152,-0.051010033,0.111553121,-0.457271228,0.647476108,0.829914789,ERVW-25
3946,38.97295028,-0.017857836,0.275487596,-0.06482265,0.948315207,NA,3946
3949,1849.515516,-0.039830057,0.089281122,-0.446119589,0.655510864,0.829914789,3949
3950,13.58903951,-0.120163669,0.236780648,-0.507489399,0.611811473,NA,3950
3951,18.3926883,-0.388066906,0.270765621,-1.433220749,0.151794762,NA,3951
cORF1ofHML2,4.345367825,-0.204381328,0.347450333,-0.588231779,0.556376729,NA,cORF1ofHML2
3955,642.6599184,-0.142877705,0.150949715,-0.946525171,0.34388079,0.601068944,3955
3956,5.786352744,-0.018420576,0.305016992,-0.060391965,0.951843458,NA,3956
3957,8.350218344,-0.113290211,0.309567724,-0.365962607,0.714392978,NA,3957
3959,11.29524591,-0.129538373,0.3636286,-0.35623813,0.721662239,NA,3959
3962,1.629753059,-0.246465261,0.730444863,-0.337418022,0.735801801,NA,3962
3963,3.750263411,-0.268046888,0.438416674,-0.611397568,0.540936412,NA,3963
3965,5.082191953,-0.04772191,0.562258918,-0.084875327,0.932360507,NA,3965
3964,8.634486293,-0.896599216,0.553067688,-1.621138308,0.10498798,NA,3964
3966,13.41668019,-0.666599392,0.611048404,-1.090910944,0.275312071,NA,3966
3967,9.597192658,-0.681437599,0.559737508,-1.217423505,0.223443125,NA,3967
3968,2.848768791,-0.94729062,0.644415495,-1.469999757,0.14156182,NA,3968
3969,2.633455805,-0.052270719,0.45703293,-0.114369701,0.908944732,NA,3969
3970,7.783084435,0.174685859,0.683068428,0.255736983,0.798153936,NA,3970
3971,13.15605579,0.03521447,0.498209631,0.070682034,0.94365082,NA,3971
3972,11.15344658,-0.70712811,0.52970816,-1.334939054,0.181896294,NA,3972
3976,31.55926342,0.062349795,0.270759662,0.230277267,0.817876324,NA,3976
3977,21.56494805,-0.195053476,0.3429217,-0.568798872,0.56949264,NA,3977
3978,0.33290983,-0.116795309,1.804523337,-0.064723634,0.948394045,NA,3978
3979,1.356591401,0.115096726,0.818556249,0.140609428,0.888178499,NA,3979
3980,0.794064752,0.689005185,0.863201976,0.79819695,0.424756207,NA,3980
3984,0.318542757,-1.268061793,1.894188199,-0.669448682,0.503209306,NA,3984
3985,0.469686755,-0.870640306,1.106050668,-0.787161322,0.431187436,NA,3985
3987,11.49272215,0.360530789,0.285185212,1.264198753,0.206158698,NA,3987
3986,16.31657571,-0.106100745,0.257595342,-0.41188922,0.680420622,NA,3986
3991,6.140255201,-0.269408302,0.257580354,-1.045919448,0.295598225,NA,3991
3992,3.205922328,-0.794678923,0.655823971,-1.211725947,0.225617303,NA,3992
3998,0.627586463,-0.031762696,1.145638125,-0.027724895,0.977881568,NA,3998
3999,1.019368811,0.624633857,0.774579863,0.806416338,0.420002829,NA,3999
4003,276.9787392,0.353864463,0.131096345,2.699270249,0.006949172,0.096361851,4003
4006,38.00447009,0.08681088,0.230541498,0.376552079,0.706506506,NA,4006
4009,59.66387036,0.051662672,0.254647616,0.20287907,0.839229554,NA,4009
4012,1.949707198,0.338407089,0.721755698,0.46886653,0.639165042,NA,4012
4013,0.584761347,-0.460655568,1.179263546,-0.390629872,0.696070842,NA,4013
4015,3.50218228,-1.434986919,0.773763815,-1.854554182,0.063659916,NA,4015
4017,24.31233847,-0.47480578,0.298100021,-1.592773386,0.111211038,NA,4017
4018,3.333544465,-0.276437875,0.677393698,-0.408090415,0.683207297,NA,4018
4021,31.05159584,-2.102028194,0.58451086,-3.59621752,0.000322878,NA,4021
4023,11.61436184,-0.851449382,0.528409602,-1.61134351,0.107104872,NA,4023
4024,2.700773045,0.693120519,0.569048612,1.218033933,0.223211078,NA,4024
4027,5.865665823,-0.629028237,0.450933051,-1.394948174,0.163031469,NA,4027
4028,10.34511414,-0.250638304,0.454670625,-0.551252467,0.581460618,NA,4028
4029,4.92941246,0.164257349,0.486161332,0.337865927,0.735464226,NA,4029
4034,0.491512903,0.973472361,0.996882877,0.976516283,0.328808683,NA,4034
4035,1.409147056,-0.999975111,0.704432434,-1.41954723,0.155739537,NA,4035
4036,4.073936385,0.830207344,0.479680626,1.730750209,0.083496326,NA,4036
4039,1.768596766,-0.735670395,0.856932532,-0.858492783,0.390620414,NA,4039
4038,3.449537954,0.535782634,0.606962356,0.882727947,0.377383279,NA,4038
4043,9.269563528,-0.742507598,0.335420256,-2.213663561,0.026851931,NA,4043
4046,83.02978027,-0.587586731,0.279113825,-2.105186766,0.035275054,NA,4046
4045,66.89711304,-0.540028755,0.270385355,-1.997255933,0.045797388,NA,4045
4047,102.0202559,-0.414698324,0.263472263,-1.573973364,0.115493607,NA,4047
4048,9.697439005,0.027663642,0.242991802,0.11384599,0.90935988,NA,4048
4050,546.0316961,0.389487276,0.314925556,1.236759827,0.21617626,0.432352521,4050
4051,495.2175329,0.397557328,0.166301301,2.390584593,0.016821574,0.129828289,4051
4052,588.6848116,0.149976458,0.095138678,1.576398378,0.114934022,0.318750354,4052
4053,703.2327907,-0.021740667,0.111910151,-0.19426895,0.845965297,0.935961605,4053
4054,315.1055086,0.131122335,0.109004759,1.202904687,0.229013206,0.445184551,4054
4055,1.351901234,-0.42711685,0.689607863,-0.619361921,0.535677961,NA,4055
4056,254.4212594,0.378778841,0.32869961,1.152355616,0.249174971,0.462753518,4056
ERVH13q33.3,12.84674261,-0.453878881,0.293052041,-1.548799587,0.121429905,NA,ERVH13q33.3
4059,5.565188483,-0.281386157,0.304845342,-0.923045618,0.355983433,NA,4059
4060,2446.138951,-0.046804488,0.123458426,-0.379111333,0.704605191,0.862105175,4060
4061,0.709089106,0.746532692,1.05749219,0.705946294,0.480221537,NA,4061
4062,2.84756653,0.000485269,0.578951648,0.000838185,0.999331225,NA,4062
4065,8.692259122,-0.011815721,0.282843911,-0.041774705,0.9666783,NA,4065
4068,46.93170672,-0.592749043,0.308735401,-1.919925741,0.05486728,NA,4068
4071,19.65876366,-0.091874114,0.332345298,-0.276441746,0.782208797,NA,4071
4070,16.33254674,-0.197039263,0.2274243,-0.866394943,0.386273616,NA,4070
4074,46.84730073,0.31080647,0.244904606,1.269091975,0.204408262,NA,4074
W-129,12.51871272,0.121138247,0.279438015,0.433506681,0.664646713,NA,W-129
4086,5.849955619,0.351525477,0.265447386,1.324275528,0.185411555,NA,4086
4088,4.553670593,0.367466621,0.596415223,0.616125488,0.537811701,NA,4088
4090,5.603073201,0.320781483,0.660078644,0.485974642,0.626985145,NA,4090
W-130,2.671615537,-0.371589972,0.487616389,-0.762053903,0.446027834,NA,W-130
4091,7.401900785,1.04177272,0.348734831,2.987291857,0.002814609,NA,4091
4093,11.95785132,-0.127108778,0.325257736,-0.39079402,0.695949495,NA,4093
4094,25.35874705,-0.167104896,0.27746504,-0.602255678,0.547003959,NA,4094
4095,86.18697837,-0.271298825,0.300709445,-0.902195889,0.366952818,NA,4095
4096,13.18832125,-0.610101724,0.371016468,-1.644406048,0.100092357,NA,4096
4097,1099.570235,0.169647809,0.077429708,2.190991203,0.028452429,0.164257021,4097
4098,36.46001673,-0.344431664,0.205262701,-1.678004146,0.09334629,NA,4098
4099,29.09722394,-0.298148363,0.23848754,-1.250163269,0.211239912,NA,4099
4100,783.3098302,0.176527873,0.101243815,1.743591669,0.081230317,0.273933249,4100
4103,122.1834946,-0.276339177,0.162211159,-1.703576862,0.088460167,0.276534382,4103
4104,33.39735036,-0.077720615,0.261167763,-0.297588853,0.766016984,NA,4104
4109,241.3528903,-0.500158477,0.173133801,-2.888855172,0.003866471,0.096361851,4109
4116,289.566775,-0.101096442,0.157232536,-0.642974061,0.520240931,0.751459123,4116
4118,15.76645386,-0.394469301,0.375626982,-1.050162315,0.293643493,NA,4118
4121,10.16656876,0.127492061,0.331811795,0.384230045,0.700807952,NA,4121
4123,14.92286998,-0.244017239,0.373944929,-0.652548596,0.514047334,NA,4123
4125,6.671374079,-0.366114096,0.424803543,-0.861843321,0.388773742,NA,4125
4126,12.6142011,0.251648372,0.569605255,0.44179433,0.658638042,NA,4126